"payCardID","payCardBank","payCardName","payCardSex","payCardBirthYear"
60403675436,flazz,Dr. Taufan Jailani,F,1989
60404498697,flazz,Sutan Imam Nasyidah,M,1989
60417020934,flazz,Hardana Nashiruddin,F,1965
60421208343,flazz,Natalia Hakim,M,2003
60427539402,flazz,"Lanang Firmansyah, M.Farm",F,1983
60438823183,flazz,Vanesa Mahendra,F,1995
60459139923,flazz,Zelda Thamrin,M,1972
60477173011,flazz,Chelsea Rahimah,F,1990
501826306422,flazz,Juli Wulandari,M,1963
501828129459,flazz,"Unjani Damanik, S.T.",M,1975
501829329314,flazz,Talia Mandasari,M,1969
501830527583,flazz,Mahesa Mustofa,F,1988
501834837947,flazz,Cahyanto Maulana,M,1985
501835583250,flazz,Puji Yuliarti,F,1990
501843492007,flazz,"Tgk. Ikin Sitorus, S.I.Kom",M,1966
501844964426,flazz,Yahya Namaga,F,1994
501862539795,flazz,drg. Leo Najmudin,F,1985
501879923123,flazz,Bakianto Mandasari,M,1996
501898786352,flazz,Martani Haryanti,F,1990
502001656953,flazz,Jaka Zulaika,F,1996
502010098205,flazz,Violet Aryani,M,1958
502018648266,flazz,"Okto Mandasari, S.E.I",F,2000
502034641014,flazz,"Adikara Kurniawan, S.Sos",M,2003
502041776746,flazz,Kiandra Gunarto,M,1983
502056340149,flazz,Hani Sihombing,F,1982
502057680857,flazz,Daru Budiyanto,M,1984
502060771669,flazz,Titi Andriani,M,1982
502072062834,flazz,Kalim Namaga,M,1971
502079867680,flazz,Kasiyah Prakasa,F,2000
502084785232,flazz,"Drs. Marsudi Safitri, S.Kom",F,1989
502085435639,flazz,Janet Rajasa,M,2007
502098244101,flazz,"Tgk. Talia Mangunsong, S.E.I",M,1979
503808358074,flazz,Indah Hasanah,F,1993
503808820412,flazz,Melinda Utami,F,1994
503811010654,flazz,Tina Ramadan,M,1972
503815656676,flazz,Dadi Halim,F,1996
503816903945,flazz,Lili Zulkarnain,F,2004
503835633655,flazz,Ade Suryono,F,1995
503837878738,flazz,Rahmi Lazuardi,M,1982
503841011862,flazz,drg. Mala Nugroho,F,1981
503841650990,flazz,Ir. Maria Setiawan,F,1977
503850400063,flazz,Olga Budiman,F,1999
503859106877,flazz,Tantri Utami,M,1971
503861527151,flazz,Sarah Hardiansyah,F,1966
503867890736,flazz,H. Anggabaya Fujiati,F,1992
503873796075,flazz,Ade Astuti,F,2004
503882172573,flazz,"Mahfud Salahudin, S.Farm",M,1993
560124338883,flazz,"Harjaya Lazuardi, S.E.",F,1973
560633309896,flazz,Mursita Prastuti,M,1998
561500422432,flazz,"Sabrina Megantara, M.Farm",F,2007
563170787110,flazz,Azalea Winarsih,F,1994
564493024850,flazz,"drg. Pranata Sihotang, M.Farm",F,1993
564770692288,flazz,Darimin Hutasoit,M,2006
564779969448,flazz,"Yance Suryono, S.Farm",F,1982
564804206261,flazz,dr. Fitriani Rajata,M,2003
565431772831,flazz,"Azalea Setiawan, S.E.",F,2007
565511286645,flazz,Sutan Nasim Saragih,F,2012
565845480021,flazz,Cakrajiya Fujiati,F,1992
565988717981,flazz,Salimah Suartini,M,1992
566171543168,flazz,Laila Simanjuntak,F,1992
566942923723,flazz,Harimurti Hariyah,F,1998
567048101008,flazz,"Drs. Faizah Widodo, S.H.",F,2001
567169910336,flazz,Aurora Waskita,M,2004
567286069354,flazz,"Dt. Atmaja Suartini, M.Farm",F,2000
567328477953,flazz,"Dr. Puput Wijaya, S.T.",F,1955
568339050417,flazz,Ganda Latupono,F,2010
569536767183,flazz,Jamalia Zulaika,F,1985
570918242399,flazz,Mumpuni Gunarto,F,1998
570928206772,flazz,Embuh Mardhiyah,M,1982
571548857234,flazz,Yance Wahyuni,M,1993
571979859337,flazz,Queen Tarihoran,M,1983
572311836488,flazz,Cornelia Haryanti,F,1989
572544509597,flazz,drg. Kayun Safitri,M,1987
572846044996,flazz,Soleh Natsir,F,2000
573673840092,flazz,Nasab Yuliarti,F,1994
573891473155,flazz,Edison Marpaung,M,2002
573942256138,flazz,Xanana Hartati,M,1981
574726750023,flazz,drg. Lukita Rajata,F,1983
574887290025,flazz,Gina Widiastuti,M,1959
575273480229,flazz,Harimurti Purnawati,F,1996
575724437786,flazz,Upik Maheswara,F,2009
576927814706,flazz,Lili Siregar,M,1982
577158629979,flazz,Galih Pradana,F,1998
578253836568,flazz,Talia Prayoga,M,1985
579114498853,flazz,Kalim Hidayanto,F,1986
579559716439,flazz,Indah Zulaika,M,2001
580165317646,flazz,R.A. Janet Nasyidah,F,1984
580183341537,flazz,Rika Sihombing,M,1986
581570008267,flazz,"Genta Utama, S.E.I",M,1986
584795923666,flazz,"Tgk. Dasa Pangestu, S.E.I",F,1965
585314901299,flazz,Prasetyo Nashiruddin,F,1984
586670325479,flazz,"Viktor Uyainah, M.TI.",F,1984
586818272435,flazz,"KH. Paiman Maheswara, S.I.Kom",M,1969
587526878497,flazz,Sidiq Prastuti,M,1991
587537853984,flazz,"Raisa Putra, M.Ak",F,1989
587887634588,flazz,Drs. Harjo Nurdiyanti,M,1986
587942434511,flazz,"R.A. Elvina Andriani, S.Pt",M,1995
588376777318,flazz,Alika Halimah,M,1985
589057391023,flazz,Vega Anggraini,F,1990
630411801479,flazz,Hasim Utami,F,1994
630413421839,flazz,"Satya Suryatmi, M.M.",F,2001
630419596436,flazz,"Hani Ardianto, S.Ked",F,1997
630440475063,flazz,Jaiman Sinaga,F,1993
630464739089,flazz,Dt. Praba Adriansyah,F,1984
630465282121,flazz,Agus Utami,M,1991
630465586752,flazz,Winda Puspita,M,1959
630468015049,flazz,Rama Budiyanto,M,1980
630468899772,flazz,Rahman Marbun,M,2002
630470696539,flazz,"Jaswadi Padmasari, S.E.I",F,1993
630471439459,flazz,Aisyah Budiman,F,2011
630480849201,flazz,"Cut Tira Zulaika, M.Ak",M,1991
630485154219,flazz,Jaga Saputra,M,2012
630486994241,flazz,"H. Aswani Megantara, M.M.",M,2008
630487347266,flazz,"drg. Dinda Prastuti, S.Sos",M,1964
630487570438,flazz,"Hana Mandala, S.Pt",M,1965
630495252185,flazz,Siska Simbolon,F,1986
639000296355,flazz,Catur Najmudin,F,2012
639010421852,flazz,"Gara Marbun, S.Gz",M,1968
639030041482,flazz,"Akarsana Nurdiyanti, M.Farm",M,2010
639038023698,flazz,Rahmi Mulyani,F,2010
639040388584,flazz,"Galang Megantara, S.Ked",M,1989
639040716958,flazz,"Ir. Shania Suryatmi, M.Ak",M,1993
639048791417,flazz,"Gantar Namaga, S.Sos",F,1989
639067876230,flazz,"Rizki Firmansyah, M.Farm",M,1976
639074274320,flazz,Mulya Hutapea,F,2011
639083950241,flazz,H. Hadi Susanti,F,1992
639099174703,flazz,Surya Wacana,F,1978
675931790124,flazz,"Prayoga Siregar, S.Gz",F,1963
675934713586,flazz,Cornelia Wijayanti,M,2008
675967519363,flazz,"Tasdik Thamrin, M.M.",F,1983
675969825727,flazz,Latif Sudiati,M,1987
675970532189,flazz,Hani Oktaviani,M,1997
675974474768,flazz,Dr. Ajimat Hidayat,F,2007
675983362574,flazz,Salwa Waskita,M,1993
675987410957,flazz,Yessi Novitasari,M,1990
675990206087,flazz,Margana Narpati,F,1989
675993490696,flazz,Okto Uwais,F,1981
676100508875,flazz,Cut Salsabila Kurniawan,M,1983
676110340186,flazz,Icha Hartati,F,1990
676145146616,flazz,Drs. Julia Ramadan,M,1989
676170059098,flazz,"Dt. Vinsen Budiyanto, S.H.",F,2009
676170489782,flazz,Pia Halim,F,2008
676172975739,flazz,"Dr. Zaenab Wulandari, S.Ked",M,1996
676190181542,flazz,Tgk. Umay Usamah,F,1992
676192275250,flazz,dr. Nova Mardhiyah,F,1971
676194898042,flazz,Tiara Kurniawan,F,2006
676201754147,flazz,"Dr. Ilyas Lestari, M.Ak",F,1991
676208293602,flazz,Cahyono Permata,F,2004
676223317774,flazz,Ajeng Santoso,M,2012
676238149170,flazz,Latika Saefullah,F,1997
676246072349,flazz,"Raharja Hastuti, M.Pd",M,2008
676249291979,flazz,Kayla Mandala,F,1999
676258627659,flazz,"Rafi Siregar, M.Kom.",F,1994
676264221174,flazz,"T. Damar Suwarno, M.Pd",F,1991
676266186037,flazz,Ratna Hutasoit,M,1979
676274145736,flazz,Edi Lazuardi,M,1995
676283044227,flazz,Keisha Handayani,M,1984
676292018345,flazz,Wani Rajasa,M,2006
676293109036,flazz,Fathonah Saefullah,M,1983
676311246976,flazz,Heryanto Sihombing,F,2000
676316443321,flazz,T. Dodo Kurniawan,F,1975
676318264501,flazz,Harsanto Wasita,F,2007
676323397635,flazz,Darsirah Hasanah,M,1977
676327742745,flazz,Eja Sihotang,M,1992
676340574497,flazz,Cengkal Lestari,F,1985
676346336529,flazz,Cut Alika Dongoran,F,1996
676367323901,flazz,Eluh Nugroho,F,2011
676368577380,flazz,"Tgk. Puput Hartati, S.Psi",F,1982
676371995694,flazz,"T. Tirta Andriani, S.Farm",F,1987
676379677179,flazz,"Jamalia Rahmawati, M.Farm",M,1951
676391914618,flazz,Jaga Purwanti,M,2005
4000041838802,online,Diah Marpaung,M,2012
4009697722749,online,Luwar Prabowo,M,1966
4013476857759,online,"Daliono Prabowo, M.Ak",F,1992
4016568396545,online,R.M. Mursita Hariyah,M,1972
4023591971708,online,Rangga Riyanti,M,1987
4038622850424,online,Purwa Utama,F,1978
4040314383482,online,"Asirwanda Najmudin, S.Ked",M,1993
4043008301075,online,Jefri Putra,M,1993
4044179543016,online,Dr. Rusman Pertiwi,F,1961
4049598658998,online,"Mursita Widodo, M.TI.",F,1996
4055737709006,online,Genta Nurdiyanti,F,1988
4056836188316,online,Nadine Utami,M,1975
4065366568284,online,Fitriani Pudjiastuti,F,2010
4066577839605,online,Asmadi Agustina,F,1983
4068378587730,online,Rahayu Iswahyudi,F,1983
4071577362475,online,Jaeman Natsir,F,1991
4095427468067,online,dr. Najwa Lailasari,M,1979
4097122165824,online,Dewi Mansur,M,1994
4112330548313,online,"Drs. Gilda Sinaga, S.Psi",M,1994
4119972246486,online,Vera Marbun,F,2003
4121673937975,online,H. Eko Novitasari,F,1994
4122123545871,online,"Cahyono Firmansyah, S.Pd",M,1992
4139531858845,online,Tgk. Kacung Nashiruddin,F,1997
4150186692389,online,Lili Suryatmi,M,1968
4188469163215,online,"Cut Ayu Rahayu, S.Pd",M,1982
4194649297295,online,Nova Budiman,M,1971
4197520568098,online,"R. Sarah Firmansyah, S.Pd",F,1996
4204629498605,online,R. Kiandra Maryadi,F,1995
4205984560392,online,"T. Baktiadi Prakasa, S.H.",F,2009
4216440479440,online,Ir. Jasmani Wijaya,M,1982
4227610062494,online,Carla Jailani,M,1962
4227729131214,online,Maryanto Tamba,M,1982
4228631436774,online,"H. Satya Nashiruddin, S.Farm",M,1949
4231995142673,online,Dalima Winarsih,F,2008
4235359148242,online,Rahayu Yuliarti,F,1996
4241814663460,online,Bakda Lailasari,M,1959
4249227937686,online,Tami Santoso,F,1988
4256817668191,online,"Kartika Sinaga, S.IP",F,1999
4263095985131,online,Ir. Lasmono Maulana,M,2004
4273966735515,online,Purwanto Rajata,M,1972
4281653494791,online,Zelda Wibowo,M,1989
4290559479079,online,Lutfan Hakim,M,2011
4291465280304,online,"Silvia Utama, M.M.",F,1990
4300800810103,online,Faizah Samosir,M,2009
4300964686794,online,Ir. Prakosa Maryadi,F,1994
4306052879688,online,Suci Samosir,F,1991
4307408224686,online,Puspa Sihombing,F,2012
4313050166209,online,Nrima Prasetya,F,1985
4316052775612,online,Uda Halim,M,1985
4323180529937,online,"Sutan Aswani Budiyanto, M.Kom.",F,1966
4323424420612,online,R.A. Jamalia Padmasari,M,1978
4331844486345,online,R.A. Malika Hasanah,F,2012
4349882795195,online,Rudi Kuswoyo,M,2002
4357457456440,online,Legawa Wulandari,M,2010
4358928087871,online,Dadi Nasyiah,F,1995
4362659538201,online,Yessi Lazuardi,M,1987
4367294005037,online,Dr. Wirda Hardiansyah,M,1982
4374767918118,online,Harja Prabowo,M,1992
4377787328010,online,Puti Ida Januar,F,2004
4381168764041,online,"Dt. Cawisadi Prasetya, S.IP",F,1986
4384282576580,online,Daliono Melani,F,1981
4398802942684,online,Wisnu Mardhiyah,F,1983
4400887914495,online,Darmanto Saragih,F,1968
4407982607791,online,Tina Saefullah,F,1991
4421630797854,online,"Luthfi Habibi, S.H.",M,1977
4422444870929,online,"dr. Agnes Nugroho, S.T.",F,2004
4432146433702,online,"Novi Hutasoit, M.Farm",F,2005
4434749577653,online,drg. Ifa Salahudin,M,1950
4439401513771,online,Vanya Sirait,F,2007
4445427212090,online,R.M. Langgeng Nashiruddin,F,2008
4448373768784,online,T. Lasmanto Latupono,M,1987
4459391777491,online,Paramita Salahudin,M,2004
4461146257530,online,dr. Wisnu Wulandari,M,1974
4484911604850,online,Caket Dongoran,F,1971
4495228866149,online,Bahuraksa Wasita,M,2003
4498288202551,online,dr. Betania Saragih,F,1987
4513655143046,online,Safina Hastuti,M,1988
4526082263963,online,Anita Hutasoit,F,2000
4541880000962,online,Drs. Hani Pratama,F,2012
4543926367520,online,Belinda Mansur,F,1991
4546580766523,online,"drg. Sadina Mansur, M.Kom.",M,1994
4555304365157,online,Eluh Adriansyah,M,1991
4575486841940,online,Zalindra Rahmawati,M,1987
4577386103603,online,Harjasa Haryanto,M,1968
4578011445781,online,Ir. Usman Megantara,F,1991
4580329739350,online,Citra Puspasari,F,1985
4580601025213,online,Ibrahim Zulkarnain,F,1989
4582025937312,online,dr. Melinda Pangestu,M,1981
4618084512479,online,Wulan Latupono,F,1982
4621454280297,online,"Dr. Rika Sitorus, S.T.",F,1967
4629225227158,online,Fathonah Nainggolan,F,1992
4658390521830,online,Karya Winarno,M,1989
4658673312063,online,"Farah Mansur, S.Pt",M,1993
4667337468542,online,"drg. Bala Yolanda, S.Farm",M,1984
4678097992274,online,Restu Pudjiastuti,M,1980
4679239370635,online,Wirda Narpati,F,1974
4682220924642,online,"Drs. Nadia Ramadan, S.Sos",M,1960
4693742373622,online,Maida Santoso,M,2002
4695307602279,online,"Arsipatra Saputra, S.E.I",F,1999
4697156234816,online,Daliman Lailasari,M,1986
4709994160903,online,"Cut Gabriella Haryanti, S.Sos",M,1974
4718462919104,online,Tgk. Shakila Prakasa,F,1988
4718616234301,online,"Salimah Gunarto, M.Pd",F,1968
4725775400524,online,Darmana Gunawan,F,1993
4726554349155,online,R.A. Betania Maulana,F,1975
4727479284006,online,Lutfan Laksita,M,2004
4741860768238,online,"drg. Argono Nainggolan, S.Kom",F,1992
4742238627791,online,"Tgk. Nabila Wahyuni, M.Farm",F,1972
4743531705649,online,Aslijan Mustofa,F,1995
4745660707486,online,Tina Dabukke,F,1966
4748618433619,online,Sakura Haryanti,F,2006
4760129001603,online,Warji Nasyidah,M,1981
4760137225202,online,"R.A. Fitria Pudjiastuti, M.TI.",F,1987
4762168511427,online,Dr. Patricia Halim,M,1992
4767711653196,online,Uchita Hassanah,M,1985
4775206940093,online,"Cahyo Sudiati, M.Farm",M,1979
4791851470070,online,"Sutan Nasrullah Wibowo, M.M.",F,1986
4804574576642,online,"Ira Mansur, M.TI.",F,1988
4813069952218,online,"Cinthia Setiawan, M.Kom.",F,1985
4821029051872,online,Raisa Palastri,F,2004
4821680998213,online,Gandewa Prasasta,M,1994
4824850146050,online,Umar Ardianto,F,1987
4834222061986,online,Drs. Padmi Mandasari,M,1991
4836081459896,online,"R.A. Clara Wastuti, S.E.I",F,1984
4844470388320,online,"Rina Gunarto, S.Sos",M,1984
4848891778217,online,"Ajiono Budiyanto, S.I.Kom",M,1971
4849516997489,online,Karma Novitasari,M,1980
4852221634256,online,"Lanang Setiawan, S.I.Kom",F,1994
4853213936956,online,Cornelia Purwanti,F,2008
4863916116749,online,Drs. Padma Rajasa,F,2001
4866586731093,online,H. Putu Rajata,F,2000
4872411398116,online,Cawisadi Setiawan,F,1999
4874449016082,online,"Salimah Waskita, S.Pt",F,1989
4875145882289,online,Asmianto Usamah,F,2012
4875206118292,online,Martani Saputra,M,1991
4880385425658,online,"Elvin Saragih, S.Ked",F,1991
4897033850053,online,"dr. Paulin Putra, M.M.",F,1998
4906811590177,online,"Cut Ajeng Habibi, S.Kom",F,1982
4907587242613,online,Daryani Zulaika,M,1984
4928589848629,online,Dartono Natsir,M,2006
4931734690862,online,Setya Nasyiah,M,1982
4933173483056,online,Utama Hassanah,F,1990
4946543493373,online,dr. Kambali Utami,M,1987
4946777822784,online,Wirda Yuliarti,M,1990
4948977213350,online,Balapati Gunarto,M,1977
4956673008776,online,"R. Wage Aryani, M.Kom.",F,1991
4960241087932,online,Adika Pudjiastuti,F,2001
4964008481270,online,Cahyono Mustofa,M,1984
4966489323202,online,Eka Yolanda,M,1998
4969284110642,online,"Hj. Ophelia Haryanti, S.Sos",M,2002
4992399872617,online,Cengkal Lestari,M,1970
4993710478837,online,Gaduh Nasyidah,F,1990
30002217769215,bni,Naradi Hassanah,M,1962
30007077737525,bni,Ida Rahayu,F,1999
30009444808450,bni,Tirta Marbun,M,1963
30011083993544,bni,Nilam Mayasari,F,2005
30015996038594,bni,Dinda Yuliarti,F,2000
30023091550042,bni,Karsa Hutapea,M,1978
30024766664563,bni,"Ifa Siregar, S.Farm",F,1990
30029590639160,bni,Hj. Mala Permata,M,1982
30030347979206,bni,R.M. Laksana Utami,F,1986
30038102422775,bni,"Liman Rahimah, S.Ked",F,1987
30038862775438,bni,"Lala Prastuti, M.TI.",F,2010
30042986059794,bni,Danang Mardhiyah,F,1995
30049505347485,bni,"Ophelia Kuswoyo, S.Farm",M,1983
30063543803011,bni,Ratna Nainggolan,F,1982
30066742678589,bni,Sutan Lukita Hartati,M,2008
30068671582428,bni,Cornelia Nurdiyanti,F,1984
30076208696652,bni,"Tgk. Oliva Nainggolan, M.Pd",F,2010
30076245962299,bni,Baktianto Nasyidah,F,1990
30077025116544,bni,Bella Pertiwi,M,1972
30086319184308,bni,"Drs. Eli Megantara, S.H.",M,1989
30087999917744,bni,Saadat Lestari,M,1985
30092164700289,bni,Asman Gunawan,M,2008
30100687125098,bni,"Galak Budiman, S.Pt",F,2008
30102021683402,bni,Cornelia Siregar,M,1992
30118628845442,bni,"Rahayu Farida, S.Kom",M,1980
30128251923093,bni,Halima Sihotang,M,1966
30129293116423,bni,"drg. Makara Safitri, M.Pd",F,1998
30130660221028,bni,Wirda Utama,M,1992
30136816489518,bni,Ian Prasasta,F,1990
30146000910179,bni,Dina Pratiwi,M,1988
30148256871071,bni,"R.A. Queen Mustofa, S.E.",M,1987
30152377357879,bni,Galar Sitompul,M,1975
30154692388860,bni,"Dr. Jasmani Hutasoit, S.E.I",F,2004
30158257275842,bni,R. Yani Ardianto,F,1984
30160416336911,bni,"Unjani Prasetyo, M.Kom.",F,1983
30164080918459,bni,Daliono Adriansyah,F,2012
30169751274025,bni,Prasetya Wasita,M,1986
30173960301876,bni,Drs. Jelita Mardhiyah,F,1971
30183483265664,bni,"Puspa Budiyanto, S.Kom",F,2012
30204462301856,bni,R. Umay Usamah,M,1971
30207713127087,bni,Rendy Oktaviani,M,1996
30213702385918,bni,Farhunnisa Latupono,M,1983
30215145049969,bni,Anggabaya Wahyudin,F,1986
30217806512665,bni,"Drs. Maimunah Puspasari, S.Farm",M,1984
30218688993296,bni,"dr. Aisyah Kusumo, M.Ak",F,1993
30220283510053,bni,Sutan Budi Puspita,M,2003
30233090748972,bni,Salimah Riyanti,F,2002
30236429604840,bni,Sabrina Palastri,F,1987
30237216024648,bni,"Puti Keisha Hutagalung, S.T.",M,1978
30239252986086,bni,Adhiarja Lazuardi,F,1993
30240183284849,bni,drg. Ellis Gunawan,F,2006
30242744757164,bni,Amalia Winarno,F,1984
30243553113457,bni,Gantar Adriansyah,F,1989
30243692336233,bni,Prayogo Mandala,M,1988
30250563095830,bni,Kamal Palastri,F,2004
30256261072781,bni,Nrima Lazuardi,F,1998
30268033336998,bni,Galur Hastuti,F,1994
30272434639554,bni,Mulyono Natsir,M,1993
30276672399789,bni,"Teguh Wijaya, S.Pt",F,1981
30294523538109,bni,"Drs. Darsirah Sitompul, S.H.",M,2012
30297544751882,bni,Halima Pangestu,F,1993
30299394314803,bni,Ibrahim Budiyanto,M,1988
30307565145425,bni,"Among Zulaika, S.Gz",F,1995
30310358800206,bni,Legawa Oktaviani,F,1985
30316232461842,bni,drg. Harjasa Hutagalung,F,1994
30324712076056,bni,T. Kanda Yuliarti,M,1974
30327528751648,bni,Dt. Panji Prasetyo,M,2000
30335751052527,bni,"Satya Wahyuni, S.I.Kom",F,2011
30368700827970,bni,Kiandra Yulianti,M,2008
30370190813577,bni,Kalim Winarsih,M,1988
30375353002744,bni,Drs. Gaman Hidayanto,M,1992
30378484061308,bni,"Surya Wibisono, S.T.",M,2007
30379737643934,bni,Siska Najmudin,M,1967
30382207494317,bni,Yuliana Lazuardi,F,1983
30385017224303,bni,"dr. Vega Rahimah, S.Pt",M,2003
30389692704498,bni,Jelita Utami,F,1980
30391027137790,bni,"Dt. Endra Maryati, S.Psi",M,1978
30393449116998,bni,Ellis Pradipta,F,1987
30400675225581,bni,"Tgk. Zulfa Anggriawan, M.Ak",M,1971
30411542225886,bni,Sidiq Nuraini,M,1980
30412791717573,bni,R.M. Pandu Sihombing,M,2004
30420755097205,bni,Eka Palastri,M,1990
30427752176460,bni,Tari Hutagalung,M,2009
30428250357040,bni,Estiawan Hastuti,M,2008
30431553316218,bni,Jane Prayoga,F,2010
30433284698559,bni,Carla Gunawan,M,1965
30437384286033,bni,Drs. Leo Mandala,F,1966
30438939516312,bni,"R. Cawuk Pratiwi, M.M.",F,1988
30441106310287,bni,"Hasan Nugroho, M.Kom.",M,2004
30441889571006,bni,Lili Purwanti,M,2007
30453434239088,bni,Drs. Aurora Tarihoran,F,1983
30458243667825,bni,Ajiono Lazuardi,F,1990
30468584253606,bni,Elvina Habibi,F,1988
30468724391654,bni,"dr. Maryanto Winarsih, S.Kom",M,1964
30471339318393,bni,Dr. Enteng Safitri,F,1988
30471438544758,bni,Siti Rahayu,F,1975
30471989684136,bni,"Gamblang Pradipta, M.Farm",M,2004
30477079103846,bni,Kania Siregar,F,2009
30480183587078,bni,"Hj. Julia Nainggolan, M.Kom.",M,1990
30482544684347,bni,Aurora Rahayu,F,2000
30495673428443,bni,Gina Natsir,F,1981
30539788142538,bni,KH. Asmuni Utama,F,1989
30545912633714,bni,"Tgk. Mila Wibisono, S.IP",F,1982
30546696437603,bni,"Gangsa Wijayanti, M.Kom.",M,1990
30566784196002,bni,"Ulva Habibi, S.Pt",F,1997
30567691580213,bni,Puspa Natsir,F,2012
30568752227520,bni,Satya Hidayanto,M,2002
30568786410068,bni,"Gatra Tamba, S.T.",F,1994
30569163714239,bni,Candrakanta Narpati,M,1969
30572818116818,bni,Elisa Mangunsong,M,2004
30583455954585,bni,Bahuwirya Rahayu,M,1981
30584868425288,bni,Victoria Susanti,M,1991
30595674997419,bni,"Ani Simanjuntak, M.Ak",M,2006
30596212770078,bni,Tgk. Gamani Nuraini,M,1984
30596855063062,bni,Siska Sihotang,F,1977
36003930452687,bni,"R.A. Gasti Budiman, S.T.",F,1981
36006226446453,bni,Tgk. Galang Firmansyah,F,1985
36016093628109,bni,Omar Susanti,M,1970
36047921068184,bni,Kambali Mayasari,F,1983
36057761709078,bni,Alambana Sinaga,F,1998
36067042340502,bni,Jatmiko Mansur,F,1965
36153254575181,bni,R.M. Ega Hidayat,F,2012
36162260650821,bni,Qori Yuliarti,M,2004
36191244854712,bni,dr. Hasim Prasasta,M,1992
36291352939899,bni,Titin Yuliarti,F,2010
36330618782725,bni,Kairav Halimah,M,1984
36393783138941,bni,Bakiman Utama,M,1982
36461801799828,bni,"Tgk. Farhunnisa Pertiwi, S.Farm",M,1999
36476308530047,bni,"Mahdi Kurniawan, S.Pd",M,1992
36587029529827,bni,"Rafi Lestari, S.I.Kom",F,1985
36598361926067,bni,Bahuraksa Pangestu,M,1981
36667443839505,bni,Juli Suryatmi,M,1979
36709320968021,bni,Daru Salahudin,M,1993
36716053653423,bni,Cut Ellis Pradana,F,1982
36734415819640,bni,Sutan Kemal Purnawati,F,2008
36768379265457,bni,"Limar Puspasari, S.Kom",F,1990
36862448099508,bni,Raisa Wibisono,F,2004
36883602587849,bni,Jaya Waskita,F,1981
36963033891422,bni,"Labuh Zulkarnain, S.Pd",F,2012
38007841175269,bni,Narji Yuliarti,F,2011
38047439997559,bni,Irma Widiastuti,F,1996
38054561616619,bni,Rahmi Prasasta,F,1985
38183446361164,bni,Adikara Megantara,F,1991
38190585044071,bni,Perkasa Manullang,M,1990
38322949612760,bni,drg. Hana Setiawan,M,1991
38363406879922,bni,"Radit Sitompul, M.Pd",M,2011
38414806494844,bni,Pranata Hakim,F,1989
38449865616788,bni,Laksana Utama,F,1986
38592056601117,bni,Artanto Kusmawati,F,1988
38641536387449,bni,Vanya Rahayu,M,2012
38803459613637,bni,"Sakti Lestari, M.TI.",F,2006
38854847237365,bni,Taufik Waskita,M,2003
38919000659661,bni,Anggabaya Suartini,F,1994
38951481647360,bni,Karma Wacana,M,1951
38956653374453,bni,Ayu Saragih,F,1990
180000271117261,emoney,Oman Mardhiyah,M,1994
180000876162530,emoney,"Ir. Yani Sihombing, S.H.",M,1973
180001710094731,emoney,Mulya Namaga,F,1981
180001837393123,emoney,"Dr. Damu Winarno, S.IP",F,1994
180002075456838,emoney,Caket Kurniawan,F,2006
180004245990597,emoney,"Danuja Maryati, M.TI.",F,1984
180004593186475,emoney,"Hardi Nuraini, S.Pt",F,1982
180005680484434,emoney,Zaenab Maheswara,F,2006
180005977764266,emoney,Latif Dongoran,F,2001
180005992866880,emoney,R.A. Puti Permadi,M,1987
180006387820342,emoney,Gandi Salahudin,F,1990
180006537547852,emoney,"Lanang Pertiwi, M.M.",F,1983
180008292897068,emoney,Garan Pertiwi,F,1986
180009851731375,emoney,Elvina Hardiansyah,F,1991
180016859215889,emoney,"Zalindra Irawan, M.TI.",M,1992
180020791350481,emoney,T. Karna Sihombing,F,2001
180022455185013,emoney,dr. Bakda Santoso,M,2005
180022972730457,emoney,"Tgk. Tania Zulaika, M.Pd",F,2010
180026403444133,emoney,Drs. Alika Saptono,F,1992
180027112876102,emoney,Salsabila Utama,M,1991
180029074109431,emoney,Maimunah Jailani,M,2004
180029435580718,emoney,Ira Usada,F,1966
180029770967827,emoney,Praba Utama,F,2002
180029887732247,emoney,Tirtayasa Farida,F,2008
180030301738141,emoney,Putri Handayani,F,2003
180030312264608,emoney,"Elvin Tarihoran, M.TI.",M,2003
180032476190454,emoney,"R.A. Farhunnisa Firmansyah, M.Pd",F,1996
180032529782349,emoney,"Luis Haryanto, S.Ked",F,1986
180034538389959,emoney,"Sutan Wakiman Suartini, M.TI.",F,1985
180038448564171,emoney,Banara Manullang,M,1948
180038648645358,emoney,Ami Hutagalung,M,1993
180039849944954,emoney,Maimunah Hassanah,M,2003
180040603003177,emoney,Kairav Hartati,M,1976
180040670397460,emoney,Dasa Siregar,F,1992
180042539226476,emoney,Slamet Gunarto,M,1967
180044239953466,emoney,Indah Mansur,F,2007
180044335370375,emoney,Leo Wastuti,M,2007
180045201850150,emoney,Ellis Sirait,F,1985
180046572914583,emoney,Drs. Agnes Gunarto,F,2003
180046659189505,emoney,Harjo Narpati,F,1994
180048325425156,emoney,Dagel Ardianto,M,1973
180048952048974,emoney,Tri Samosir,F,1966
180050480653705,emoney,"Drs. Siska Firmansyah, M.M.",F,1983
180050809468835,emoney,Latika Maheswara,M,1996
180051109225867,emoney,"Hj. Keisha Permata, S.H.",M,1974
180051949606243,emoney,"Salman Siregar, M.Pd",M,1965
180052842269402,emoney,"Purwadi Mardhiyah, S.Kom",F,2006
180053001904433,emoney,Tgk. Wulan Sihotang,M,1973
180055908955871,emoney,Paramita Safitri,M,1983
180057326497940,emoney,Marwata Najmudin,F,2009
180057903365395,emoney,Daryani Prabowo,M,1989
180059067946887,emoney,Eluh Yuniar,M,2001
180060321880524,emoney,"Sutan Bajragin Pranowo, S.I.Kom",F,1986
180060352930644,emoney,R. Sabrina Megantara,M,1997
180062659848800,emoney,Bajragin Usada,M,2008
180063325874881,emoney,"KH. Prasetyo Tamba, S.E.",F,1993
180064464472990,emoney,Hj. Ana Laksita,F,1990
180065411329605,emoney,"Dt. Murti Salahudin, S.T.",F,2008
180066742723573,emoney,"Capa Permata, S.Ked",M,1990
180067269047958,emoney,Jarwa Tampubolon,F,2005
180067558117603,emoney,Harsaya Ramadan,F,2002
180068993022747,emoney,Ophelia Prasasta,M,1981
180073186339783,emoney,T. Darijan Gunarto,F,2002
180074265853819,emoney,Banara Melani,F,1966
180074627743328,emoney,"Dt. Karsa Nasyidah, M.Kom.",F,1990
180074853270640,emoney,"Dr. Laswi Usamah, S.Ked",F,1959
180074952289665,emoney,Asmadi Setiawan,F,1971
180074978149455,emoney,"R.A. Vivi Utama, S.T.",M,1969
180075154547792,emoney,Tami Thamrin,F,1998
180075409596610,emoney,"Cayadi Zulkarnain, S.Pd",M,1996
180076008017040,emoney,Cakrawangsa Hidayat,F,2008
180076677620512,emoney,Shakila Siregar,M,1994
180076863184943,emoney,Panca Nashiruddin,M,1994
180077293882437,emoney,Jarwi Ramadan,F,2000
180078846718763,emoney,Rafid Pranowo,F,2004
180080234589061,emoney,T. Anom Simanjuntak,F,1993
180083201664057,emoney,R.A. Wirda Safitri,F,1989
180084216718110,emoney,Praba Mayasari,F,1982
180084292834161,emoney,Wani Siregar,F,1976
180085126533846,emoney,Margana Damanik,F,1983
180089739884224,emoney,Mustika Rajasa,M,1982
180089784129574,emoney,Dimaz Mangunsong,M,2006
180090240275308,emoney,Luis Hidayanto,F,2008
180090622021106,emoney,Irma Suwarno,F,1996
180091631801439,emoney,Wisnu Andriani,M,2002
180092456265254,emoney,Fitriani Mansur,M,2007
180095534848678,emoney,Paris Lazuardi,M,2007
180095862033760,emoney,Bagas Siregar,M,1991
180096002521425,emoney,"Drs. Luwar Usada, S.Sos",F,1996
180096558513669,emoney,"Liman Pertiwi, S.Psi",F,1967
180096606431591,emoney,KH. Laksana Kuswandari,F,1993
180097961752050,emoney,Narji Wijaya,F,2011
180097982588566,emoney,"Kamaria Megantara, S.IP",M,1997
213100307169137,emoney,Paulin Agustina,F,1983
213100436673249,emoney,Ir. Siti Waskita,F,2002
213100542795050,emoney,Murti Kuswoyo,F,1981
213100930486734,emoney,Laras Mandala,F,1987
213103291564701,emoney,Enteng Maryadi,M,1996
213104805015669,emoney,"Sutan Garda Tampubolon, S.Pd",M,1956
213105335345336,emoney,Gangsa Dabukke,M,1991
213105441171576,emoney,Tgk. Chelsea Jailani,F,1972
213105773866033,emoney,drg. Zamira Nurdiyanti,M,1979
213107317059919,emoney,"Sutan Galiono Mahendra, M.Pd",M,1989
213107448129250,emoney,"Umi Hariyah, S.E.I",F,1990
213107623841273,emoney,Natalia Pratama,M,1964
213107696090881,emoney,Kartika Yuniar,F,1968
213108112882307,emoney,R.M. Rafi Puspita,M,1966
213109346393293,emoney,Vanesa Pratiwi,F,2011
213109439786494,emoney,Muni Saragih,M,2006
213109637797111,emoney,T. Galar Rajasa,F,2000
213109818183511,emoney,Adinata Damanik,M,1970
213110188531693,emoney,Nurul Rajasa,M,1982
213110528533268,emoney,Queen Hidayat,F,1987
213110868551409,emoney,dr. Lalita Budiyanto,M,2011
213111941956573,emoney,Kamila Yulianti,M,1974
213113371461462,emoney,Belinda Samosir,F,1993
213114667856993,emoney,Kariman Farida,F,2011
213115245142137,emoney,Estiono Simbolon,F,1994
213115467544259,emoney,Bella Suryatmi,F,2005
213115572929254,emoney,Kunthara Budiman,M,1996
213119132205510,emoney,Atma Sirait,F,1988
213119392508801,emoney,Jasmin Fujiati,F,1977
213119611434995,emoney,"Jono Melani, S.E.",F,1988
213120748859641,emoney,Jelita Maryadi,M,1976
213121182081593,emoney,"dr. Rahman Anggraini, S.Psi",F,2007
213121265875226,emoney,Jarwi Yolanda,M,2003
213121690546749,emoney,Pranata Wahyudin,F,2009
213122351336222,emoney,"Drs. Uli Hasanah, M.Ak",F,2005
213125070843980,emoney,"Tgk. Salwa Wahyudin, M.Kom.",F,1991
213127195148501,emoney,Viktor Zulkarnain,M,1987
213129225555184,emoney,Tgk. Cagak Zulaika,F,1993
213129238120604,emoney,Zulaikha Sinaga,F,1989
213129456959329,emoney,Rika Yuniar,F,1988
213132884130372,emoney,Dr. Rika Zulaika,F,1992
213133401291382,emoney,Raditya Maryadi,M,2007
213134876567066,emoney,"Drs. Irfan Hakim, M.TI.",M,2002
213135078300214,emoney,Kamal Nuraini,M,1965
213135516635817,emoney,"Edward Suartini, S.Pt",F,2006
213135953482814,emoney,Humaira Saptono,M,1981
213135976726106,emoney,"Jati Usada, M.Farm",M,1976
213136570183140,emoney,drg. Gawati Maryadi,M,1992
213137428120839,emoney,Rafi Novitasari,M,2003
213138468536488,emoney,"Puti Malika Halim, M.Kom.",F,1998
213142527848165,emoney,"Dr. Mulya Pangestu, S.Farm",F,1987
213142775112736,emoney,Nadine Waluyo,F,1997
213145593134816,emoney,Ulva Namaga,F,1995
213145603194040,emoney,Caket Mandala,M,1986
213146091952345,emoney,Raina Kusmawati,F,1996
213146115464780,emoney,Cornelia Kuswandari,F,1979
213148799089875,emoney,Kambali Mandasari,F,2005
213148807606942,emoney,Lega Habibi,F,2010
213148974212458,emoney,Gaman Prasetyo,F,1987
213149478551300,emoney,Ir. Lidya Mangunsong,F,1996
213150687788238,emoney,"R.A. Hilda Mandala, S.IP",M,1984
213152538083504,emoney,Nabila Megantara,F,1967
213154018613198,emoney,"R.M. Candrakanta Prasasta, S.I.Kom",F,2003
213155263532652,emoney,Restu Waluyo,F,1984
213155309116759,emoney,Tgk. Ilsa Farida,M,1983
213155822653833,emoney,"R. Devi Hariyah, S.T.",M,1974
213156300374850,emoney,Najwa Aryani,M,1966
213159426675861,emoney,drg. Zahra Nashiruddin,F,1976
213160779285738,emoney,"R. Putri Kusumo, S.E.I",F,1997
213162807326799,emoney,Endah Pratiwi,M,1984
213164568637687,emoney,R.M. Legawa Prastuti,F,1968
213165965158193,emoney,Icha Novitasari,M,2003
213166032088637,emoney,Uchita Mustofa,F,1996
213166724857828,emoney,Ade Waluyo,M,2004
213169323959862,emoney,Najib Gunawan,M,1975
213169429024355,emoney,T. Karna Rahimah,F,2001
213169744437795,emoney,Raden Mardhiyah,F,1987
213170888063660,emoney,Ghaliyati Dongoran,F,1985
213171034000424,emoney,"Bahuwarna Prayoga, S.Sos",F,1983
213171077805689,emoney,Hj. Zalindra Wasita,F,1988
213173837348075,emoney,"Ir. Emas Mandala, S.Sos",M,2012
213174928876354,emoney,Rini Hutasoit,M,1987
213175543237278,emoney,"Tgk. Vanesa Pudjiastuti, S.IP",F,2001
213178003374573,emoney,Ilsa Wahyuni,F,2002
213178670687034,emoney,"Hj. Nabila Hutasoit, S.Pd",M,1992
213179781403691,emoney,Teddy Najmudin,F,2000
213181664355865,emoney,"R. Praba Waskita, S.Psi",M,1973
213182881743974,emoney,Putri Nashiruddin,M,1995
213183686660553,emoney,Tri Handayani,M,2009
213184927022546,emoney,Galih Saputra,F,2006
213186627613334,emoney,Kenari Pangestu,M,1996
213186864489208,emoney,"Fitriani Hidayat, M.Kom.",M,2006
213187760461390,emoney,Asirwada Marbun,M,1985
213189102300294,emoney,Ajimat Rahmawati,F,2007
213189212190841,emoney,"Nrima Wacana, S.Kom",F,1992
213189948673904,emoney,Fathonah Anggraini,M,2006
213191293100137,emoney,Darman Purwanti,M,1999
213192362747287,emoney,"Dr. Malik Purwanti, S.Kom",M,1979
213192524816871,emoney,Padmi Damanik,M,1974
213193665773269,emoney,Balidin Pradana,F,2003
213193773813361,emoney,"Icha Hartati, S.IP",M,1979
213193779899125,emoney,Limar Usada,F,2003
213193831461765,emoney,Puspa Usada,F,1990
213195662335844,emoney,"Diah Widiastuti, S.Kom",M,1988
213198175349153,emoney,Dt. Cakrajiya Mardhiyah,F,1992
213198923840248,emoney,Kuncara Kuswandari,M,1977
213199263446000,emoney,Nadine Farida,M,1997
340065298083181,emoney,Tgk. Garda Utami,F,2010
340306170432199,emoney,Carla Utama,F,1980
340627622454204,emoney,Nurul Palastri,F,1992
340631865010459,emoney,Elisa Samosir,F,1996
340767267954926,emoney,Nilam Rahmawati,F,1982
340858239719917,emoney,"Yance Pratama, S.Kom",F,1994
340897449986429,emoney,Siska Zulkarnain,F,2011
340919977107754,emoney,Niyaga Habibi,F,2006
341160644641094,emoney,"Michelle Yuliarti, S.Farm",M,2012
341371220559499,emoney,Pia Simanjuntak,F,1977
341749541068680,emoney,Pardi Widodo,F,2010
341992529266534,emoney,"Puti Cici Namaga, M.TI.",F,1989
342340103174162,emoney,"Puti Tira Prasetyo, S.IP",F,1967
342370004909630,emoney,"Kartika Habibi, S.Psi",M,1975
342405505897163,emoney,Prakosa Widiastuti,F,2003
342428250922366,emoney,"Drs. Anggabaya Pangestu, S.Ked",M,1994
342481915890544,emoney,Bahuwarna Haryanti,F,2012
342522624491544,emoney,Dewi Gunawan,M,1975
342531623551844,emoney,Zulaikha Yulianti,F,1991
342533380492204,emoney,Nabila Nababan,M,1966
342543475347247,emoney,"T. Narji Usada, M.TI.",M,1978
342680618139048,emoney,Puti Oni Winarno,F,1988
342684635530668,emoney,"Safina Maryadi, M.Pd",M,2004
342798300950066,emoney,drg. Narji Mangunsong,F,2002
342872650777880,emoney,Carla Maryati,F,2006
342875882384375,emoney,Marsito Melani,F,2010
342928502675688,emoney,Baktianto Maulana,F,2012
343007419401295,emoney,Digdaya Tarihoran,M,1978
343089855267893,emoney,Yuliana Thamrin,F,2001
343240320417734,emoney,Sutan Gambira Maulana,F,2011
343544814093640,emoney,"Tgk. Puti Hartati, S.E.",M,2003
343804913072055,emoney,Icha Wahyudin,M,1992
343851798729291,emoney,Garang Utama,F,1997
343868065903417,emoney,"Cut Cici Nasyidah, S.Pd",M,1973
343897458234312,emoney,Rahayu Prabowo,M,1973
343940315309958,emoney,Halim Pranowo,F,2011
344250101078273,emoney,"Ir. Kamila Budiyanto, S.T.",F,1987
344303671677311,emoney,"R. Mila Wahyuni, S.Sos",F,2006
344376985535169,emoney,"Hj. Nilam Pratiwi, S.E.",F,2009
344406439989280,emoney,R. Respati Usamah,F,2012
344423213182214,emoney,dr. Gasti Budiyanto,M,1998
344730537548312,emoney,Karimah Maryadi,M,2000
344784326221920,emoney,Karimah Wahyudin,F,2001
344819183333911,emoney,Wahyu Wibisono,F,1985
344919939144164,emoney,Jelita Maheswara,F,1987
345343164301796,emoney,Indra Iswahyudi,F,1984
345353368043961,emoney,Ir. Salwa Yuniar,F,2005
345368948195420,emoney,Sutan Kadir Tamba,M,1975
345385804376449,emoney,Dr. Eka Wahyudin,M,1981
345391204076258,emoney,Kayla Samosir,M,2000
345438640070245,emoney,"Gawati Wulandari, S.IP",F,1968
345552372100481,emoney,Melinda Lazuardi,M,1974
345711968178505,emoney,Kawaya Oktaviani,M,2009
346031371330778,emoney,Putri Wibowo,F,1982
346111902361102,emoney,Ida Kusmawati,F,2007
346207628214482,emoney,drg. Paulin Mandala,M,1966
346331244372936,emoney,Restu Aryani,M,1990
346348443002072,emoney,"R. Kamila Ramadan, S.Farm",F,1989
346642743067607,emoney,"drg. Abyasa Lazuardi, S.Kom",F,1993
346754681244542,emoney,Maryadi Haryanto,M,1968
346835441559343,emoney,Puti Vanya Suartini,F,1986
346910704516122,emoney,Zizi Nasyiah,M,1985
346939661435562,emoney,Margana Pradana,F,1986
347105556938180,emoney,Agnes Oktaviani,F,1993
347204308990092,emoney,R.M. Labuh Laksmiwati,F,1984
347394043585982,emoney,Darmaji Wahyuni,F,2003
347675686635500,emoney,Daru Wastuti,F,1989
347835146078812,emoney,Oliva Rahayu,F,2011
347904062611038,emoney,dr. Banawa Suwarno,M,1987
347922988875941,emoney,"Suci Wacana, S.Sos",F,2002
348056817539268,emoney,Ibrahim Padmasari,F,2009
348521853444285,emoney,Jaya Mustofa,F,1985
348952647256687,emoney,Estiawan Januar,M,1992
348971987876805,emoney,"dr. Restu Fujiati, S.Kom",M,1967
348989346338960,emoney,R. Pranawa Pranowo,F,2012
349018786166142,emoney,"Hj. Najwa Wahyuni, S.H.",M,1982
349281490644321,emoney,"Vivi Mahendra, M.Kom.",M,1973
349318556724843,emoney,Darimin Nuraini,M,2009
349361081404960,emoney,Uda Haryanto,F,1991
349409524835249,emoney,Silvia Nasyidah,F,2007
349509551679244,emoney,Nilam Irawan,F,1981
349577577192740,emoney,"Talia Nababan, S.IP",M,2002
349683800593553,emoney,Asirwada Megantara,F,2009
349927246884450,emoney,Intan Wasita,M,2007
349944373495091,emoney,Oliva Sirait,M,1983
349988725938217,emoney,"drg. Yuni Yolanda, M.Ak",F,2002
370015486110380,emoney,Surya Marpaung,F,2010
370095866460258,emoney,Pranata Tampubolon,F,1979
370311431463416,emoney,Putu Sihombing,M,1995
370582193494134,emoney,Tomi Winarsih,F,1997
370647970357059,emoney,Ratna Sihombing,F,1994
370839389206494,emoney,Sarah Prabowo,M,1967
370929297991517,emoney,Martani Kusmawati,F,1968
370961379631505,emoney,Ajiono Prasetya,M,2000
370997459832910,emoney,KH. Karma Pudjiastuti,M,1972
371134962154892,emoney,Rahmi Nurdiyanti,F,2001
371171976930370,emoney,Gilang Susanti,F,2004
371381225222392,emoney,R. Purwadi Suryatmi,M,1998
371531722343600,emoney,Hasna Melani,F,1984
371681169418199,emoney,Sutan Bakda Pratiwi,F,2008
371749273751332,emoney,Waluyo Nuraini,M,1990
371852916882447,emoney,Puspa Aryani,F,1967
371935643958745,emoney,Hj. Amelia Riyanti,M,1966
371937801787353,emoney,"Rosman Prasasta, M.Kom.",M,1989
371996902605484,emoney,Yuliana Hakim,M,2001
372164514068695,emoney,"KH. Harto Hariyah, M.Farm",F,1981
372168346148658,emoney,"KH. Cager Najmudin, S.IP",M,1976
372182164168912,emoney,Kezia Mansur,F,1992
372186852282778,emoney,Uli Suartini,F,2012
372342547499422,emoney,Danuja Winarsih,F,2002
372920754641099,emoney,Yuni Yulianti,F,1990
372989062762103,emoney,Drs. Chelsea Puspita,M,1978
373286421882964,emoney,Heru Astuti,M,2011
373739550258398,emoney,Mala Zulkarnain,M,2007
373831841048512,emoney,Luwar Hutagalung,M,1985
373945281501952,emoney,"Jamal Pudjiastuti, S.I.Kom",F,1981
373968716660847,emoney,"Puti Tira Handayani, M.Kom.",M,1964
374014069623360,emoney,"R.M. Lega Marpaung, S.Sos",F,1992
374068907744739,emoney,Rachel Lestari,F,1995
374240614589026,emoney,Raina Pradipta,F,1986
374425788588439,emoney,Winda Winarno,M,1987
374605640807735,emoney,drg. Cornelia Hutagalung,F,1988
374657850740007,emoney,"R. Melinda Salahudin, S.E.I",F,1991
374659960840503,emoney,Luhung Permadi,F,2005
374756385426999,emoney,Violet Siregar,F,1992
374826778607941,emoney,Umay Nababan,F,1986
374858162789159,emoney,"T. Cahyono Dongoran, M.M.",F,2010
374902780598731,emoney,Sabri Nashiruddin,F,1986
374911260215393,emoney,Yuni Simanjuntak,M,2005
374955360512720,emoney,"R.A. Nova Nababan, S.E.I",F,2002
375103944933430,emoney,Panji Marbun,F,1986
375351347671954,emoney,"Cecep Rahimah, M.Pd",F,1974
375635714547874,emoney,Dr. Zulaikha Januar,F,1986
375644954631844,emoney,"Ir. Ridwan Nuraini, M.Pd",F,1995
375849137332372,emoney,"Ilyas Budiyanto, M.Pd",F,2010
375867734867970,emoney,Karsana Kuswoyo,F,1988
375884069521593,emoney,Balamantri Safitri,M,1988
376364308641089,emoney,"Kusuma Hassanah, S.E.",F,2007
376385999513543,emoney,"Tgk. Gaduh Ramadan, S.Pd",M,1999
376484029520394,emoney,Tania Maulana,M,1983
376709300726678,emoney,"Dr. Jinawi Kuswoyo, M.Kom.",F,1990
376852885787879,emoney,"Ir. Gilang Pratiwi, M.Pd",F,1993
376862509774591,emoney,Drs. Rina Nasyiah,M,1987
376891580681755,emoney,Jessica Wahyudin,M,1987
376898980622834,emoney,Luhung Hutapea,F,1981
377209543455986,emoney,Gawati Thamrin,F,1985
377219934316440,emoney,Nurul Rajata,M,1986
377491408293302,emoney,Dt. Harsana Jailani,F,1983
377528136379455,emoney,Kani Hariyah,F,1983
377569057489568,emoney,"Bakijan Pratama, M.Farm",F,1971
377643054710555,emoney,Ulva Suryono,F,2000
377814808795289,emoney,"Puti Jessica Putra, S.Farm",F,2008
377840859133591,emoney,Ana Agustina,M,1976
377853404669522,emoney,Tania Astuti,F,2001
377951303236425,emoney,Keisha Prayoga,F,1982
378346560438229,emoney,Radit Usamah,F,1974
378380996212239,emoney,Clara Dongoran,M,1978
378459243668060,emoney,"Nurul Handayani, S.Ked",M,1995
378517729021177,emoney,"Tgk. Febi Farida, M.Farm",F,2009
378553815963022,emoney,Drs. Salimah Hidayanto,M,1970
378734496477017,emoney,Dina Yuniar,F,1989
378851219912235,emoney,Tina Hutasoit,F,1981
378872365541693,emoney,Aslijan Irawan,F,2009
378884680600534,emoney,Janet Hakim,M,2006
379146828277263,emoney,Harto Santoso,M,1985
379208329550349,emoney,Margana Marpaung,M,1988
379311975236617,emoney,Gilda Kusumo,F,1998
379334845079777,emoney,Salman Ramadan,M,1968
379536428825406,emoney,Hasna Hutasoit,M,1972
379645412081015,emoney,Maras Megantara,M,1994
379698722302464,emoney,"Clara Suryono, S.Psi",F,2000
379764016867073,emoney,Saka Sihombing,F,1969
2221445182130548,dki,Natalia Haryanti,F,1993
2222447529017148,dki,Darijan Megantara,F,1998
2223457554196542,dki,Hj. Tiara Nuraini,F,2000
2224519731151218,dki,Puput Mardhiyah,M,1997
2225718394811808,dki,Pangeran Sudiati,F,1990
2225908618079114,dki,"Paris Maryati, S.Kom",M,1993
2227323355527424,dki,Salwa Marpaung,F,1982
2228311847056606,dki,Uda Firgantoro,M,1971
2228966290983968,dki,"Cut Hesti Andriani, S.E.I",F,1987
2230586135601355,dki,"Safina Novitasari, M.Pd",M,1973
2233615633685953,dki,"Eka Wasita, M.Kom.",F,1990
2234108734722874,dki,Yosef Santoso,F,2010
2237024668362032,dki,Kasiyah Budiyanto,F,2012
2237440645700724,dki,Latika Sirait,M,1953
2238216398569014,dki,"Tgk. Nova Latupono, S.Gz",M,1972
2238533576611255,dki,Karimah Saptono,M,1990
2240530662222332,dki,drg. Karimah Lailasari,F,2000
2240842022789573,dki,Hafshah Laksmiwati,F,1999
2242917911338522,dki,"Makara Wijayanti, M.Kom.",F,2010
2243068249815945,dki,Kemba Sihombing,M,1961
2245530208975489,dki,"Kawaca Narpati, S.Farm",F,2010
2245958200404051,dki,Tgk. Hamzah Hutagalung,M,1986
2246744141931579,dki,Mahdi Wibisono,F,1991
2247096843683316,dki,"Tgk. Aris Pradipta, M.M.",F,2010
2250309611886654,dki,Niyaga Wacana,M,1970
2250593856143596,dki,Diana Zulaika,M,1997
2251303901446716,dki,Zelda Kuswoyo,M,2002
2251394829781052,dki,"Tgk. Intan Siregar, S.T.",M,1972
2251412124634980,dki,Tirta Siregar,F,1993
2251789533334355,dki,"Vanesa Firmansyah, S.IP",F,1994
2252740481304766,dki,"Cinthia Prayoga, M.Pd",M,1980
2253830524576980,dki,"Marsudi Damanik, S.Sos",F,1992
2254018175787390,dki,"Nardi Natsir, S.I.Kom",M,2007
2254547572690815,dki,"T. Prakosa Napitupulu, S.Pd",M,1994
2254638260624412,dki,Slamet Hutapea,F,1993
2256888825417103,dki,"Tgk. Caket Nashiruddin, S.Ked",M,2008
2257480643432230,dki,"T. Parman Sinaga, S.H.",M,1992
2259163638164343,dki,Gambira Sihombing,F,1976
2260346863403083,dki,"Sabri Marbun, S.T.",F,1965
2261375063208579,dki,"Martaka Permadi, M.Farm",F,1999
2264435942253035,dki,Vanya Anggraini,F,2007
2264571354561190,dki,"Kurnia Mandala, M.Pd",M,1969
2265280580380180,dki,Kamila Halimah,F,2001
2265284059556833,dki,Drs. Cinthia Sitompul,M,2006
2265285227934786,dki,Baktiadi Nasyiah,F,1991
2267435685058176,dki,"R.M. Simon Wastuti, S.T.",F,1995
2267480345217374,dki,Suci Hutagalung,M,1966
2268827633129357,dki,"Ir. Harjo Anggraini, S.Pt",F,1984
2271334495240039,dki,"Alika Hakim, S.I.Kom",F,1995
2273899076950287,dki,"Maida Suryono, S.Gz",F,2011
2276099634138221,dki,Ir. Farhunnisa Aryani,F,1994
2277145964192996,dki,Cawisadi Sitorus,F,1991
2278758248898730,dki,Muni Hassanah,M,1990
2283627247451804,dki,"Dimaz Irawan, S.E.",M,2007
2283822362148166,dki,"Ophelia Lestari, S.E.I",F,1985
2287729476596220,dki,Genta Hutasoit,M,1949
2289300561235740,dki,"Dr. Salwa Rajasa, S.Ked",F,1967
2291402671071407,dki,Puspa Saptono,F,1984
2294272245944067,dki,"Tgk. Usyi Sirait, S.Gz",F,2001
2294337563510525,dki,Gaiman Mandasari,M,1983
2294823290681911,dki,dr. Cayadi Yuliarti,F,1986
2295060820117756,dki,Ami Uyainah,M,1972
2295655379188437,dki,"Simon Utama, S.Psi",F,1987
2295833910329055,dki,Taufik Farida,F,1981
2295962091596974,dki,Bakidin Putra,F,1996
2296212953530805,dki,"Gamanto Maheswara, S.H.",F,1974
2297064871329623,dki,drg. Lukita Hakim,F,1994
2299307292080236,dki,Hasan Halimah,F,1994
2299346377262087,dki,Karma Laksmiwati,M,1969
2299897648971146,dki,Indra Simbolon,F,1993
2308113896893183,dki,"Lasmono Maryadi, M.Farm",F,1996
2321217432765996,dki,"Lantar Aryani, S.Gz",M,1967
2334349002831919,dki,Tgk. Aurora Marpaung,M,1992
2375500523547414,dki,Sakura Siregar,F,1988
2377960243266687,dki,"Tgk. Paris Astuti, S.H.",M,1977
2379863459699716,dki,Puti Salwa Nainggolan,M,2011
2395779522951670,dki,Daniswara Siregar,F,1987
2397392857976292,dki,"Ihsan Halimah, S.Pd",F,2009
2400990004481721,dki,Cut Ika Narpati,M,1975
2402313549139274,dki,Rahayu Prabowo,F,1994
2407683922581481,dki,Irfan Damanik,M,1993
2417139615155040,dki,Maida Oktaviani,M,1990
2473199094095209,dki,Dr. Unggul Permadi,M,1985
2484941381862990,dki,"Tgk. Joko Maryadi, M.Ak",M,1981
2488692931173646,dki,"R.A. Chelsea Maryati, M.Ak",F,1996
2496327332529688,dki,Raharja Andriani,M,1965
2505362184127520,dki,Puti Tantri Suartini,M,1983
2516083110424925,dki,Salimah Nurdiyanti,M,1965
2527622104972154,dki,Ciaobella Putra,M,1983
2529170861460912,dki,Gantar Usamah,F,2006
2533274598434606,dki,Betania Iswahyudi,M,1984
2540998621379880,dki,"Febi Gunarto, M.M.",F,2008
2542754285760594,dki,KH. Raden Hakim,M,2011
2543669657890820,dki,"Zalindra Wahyuni, M.Kom.",F,1996
2552369444600479,dki,Nalar Winarno,F,1982
2556356195137492,dki,Indah Wibowo,F,1985
2589024911735525,dki,Farah Hutasoit,F,1994
2594772896759927,dki,R.A. Rahmi Firmansyah,M,1984
2606548319852663,dki,Julia Rahimah,F,2006
2614059373381201,dki,T. Bakidin Sihotang,F,1987
2635487652896273,dki,Balangga Narpati,F,2003
2647723044055343,dki,Saadat Halimah,M,1986
2661114083902044,dki,"Oni Mangunsong, S.Farm",M,1967
2679374058097150,dki,"Dina Zulkarnain, M.M.",M,1991
2692738856680636,dki,Aurora Rahimah,F,1987
2701475996968535,dki,Caket Jailani,F,1984
2701731820995189,dki,Mulyanto Yulianti,F,2005
2702344034077338,dki,"Dr. Hendra Andriani, S.Pd",M,1978
2704159399403335,dki,R.A. Diana Sitorus,F,1999
2705859087410182,dki,Lutfan Nuraini,M,2004
2708264434040542,dki,Karta Waskita,M,2002
2712823212983860,dki,"drg. Maras Wibowo, S.Ked",F,1966
2714279979787895,dki,Ozy Winarno,F,2011
2715068670618445,dki,Victoria Natsir,F,1981
2715637868237109,dki,Sutan Bahuwarna Uyainah,M,1996
2716817624410658,dki,Mahfud Uyainah,M,1973
2718070346782735,dki,Asman Uyainah,F,2005
2719590630002838,dki,Adhiarja Winarsih,F,1993
2719822646362025,dki,"Garang Anggriawan, S.E.I",F,1997
2720067582504076,dki,Nova Nugroho,M,1999
2720210828491753,dki,"Bakiman Utami, S.Pt",M,1973
2720228027487356,dki,Anggabaya Mangunsong,F,1985
2720484776954605,dki,Bancar Irawan,M,1999
2720497305962063,dki,Adiarja Waluyo,M,2002
2720556419423963,dki,Devi Pangestu,M,1994
2720613492785683,dki,T. Uda Namaga,M,1989
2720946153421739,dki,Kasiyah Lestari,F,2007
2720964102776863,dki,Hafshah Waluyo,M,1975
3500714556028764,dki,"Najwa Sitompul, M.M.",F,2009
3500911525249675,dki,Mahesa Lestari,F,1994
3500921788966584,dki,"T. Tri Hasanah, S.T.",F,1997
3500965207195341,dki,Latika Salahudin,F,2000
3501420578252437,dki,Yessi Tamba,F,2007
3501484774533651,dki,dr. Yessi Saragih,F,1983
3502084149637283,dki,R. Murti Uyainah,F,2005
3502800039632328,dki,Kamila Puspita,F,2003
3502967899324468,dki,Ivan Riyanti,M,1965
3503299442876375,dki,Erik Adriansyah,F,1990
3503918016820705,dki,"Ayu Pranowo, M.Farm",M,1971
3503950365035536,dki,Artanto Manullang,M,1987
3504089754852802,dki,Prasetyo Astuti,M,1988
3504280064228391,dki,Hasim Farida,F,2000
3504385786384834,dki,Paiman Januar,F,1996
3504571602552593,dki,drg. Hilda Firgantoro,F,1992
3504648028041755,dki,Balidin Ardianto,M,1981
3504787672864607,dki,drg. Cecep Rahimah,M,1982
3505143514830399,dki,Ir. Almira Mandala,M,1981
3505552225259278,dki,"Mulyanto Firmansyah, S.H.",M,1978
3505707886664931,dki,T. Bagas Halimah,F,1994
3506580241941339,dki,"drg. Karna Lestari, M.Kom.",M,2003
3506675645732225,dki,Malik Hutasoit,M,1966
3507067369909966,dki,"Empluk Wasita, S.T.",F,1973
3507107976417837,dki,Gatra Rahayu,M,1946
3507250769984157,dki,Salimah Siregar,F,1965
3507503365743967,dki,Ridwan Usamah,F,1987
3507714953618871,dki,Wardi Manullang,F,2001
3507749826517850,dki,Puput Pranowo,F,1982
3507821491441722,dki,Luwes Budiman,F,1996
3507946556271373,dki,Balijan Damanik,M,2003
3508055251895822,dki,Jasmani Sirait,M,1975
3508400279072394,dki,Karya Utami,F,1988
3508576375228004,dki,Winda Lazuardi,M,1965
3508642829144211,dki,"R.M. Kurnia Usamah, M.M.",M,1976
3508668489770649,dki,Dr. Jamalia Lailasari,F,2009
3508859132846676,dki,Dr. Kunthara Megantara,F,2001
3508912774663915,dki,"Drs. Bakidin Setiawan, S.E.",F,1965
3509163775507805,dki,Labuh Kusumo,F,1992
3509479409766173,dki,"Yuni Tamba, M.TI.",M,1990
3510332230740486,dki,Dinda Putra,F,1989
3510579386878722,dki,Puti Firgantoro,M,1983
3510894501773918,dki,"Wage Gunarto, S.Psi",F,1971
3511110900198436,dki,"Farhunnisa Prasetya, S.T.",F,1973
3511593949794788,dki,Humaira Maryadi,F,1992
3512094791916164,dki,Nurul Prasasta,F,1982
3512336121003019,dki,Ir. Vanesa Rahayu,M,1981
3512866953021028,dki,"Cecep Firgantoro, S.Kom",M,1987
3512921611736416,dki,drg. Harto Kusmawati,M,2009
3512927531214772,dki,Ifa Rajasa,M,1965
3513474919754912,dki,Nardi Irawan,M,1997
3513938907047497,dki,"Ir. Rahmi Hidayat, S.H.",M,1988
3514160059639984,dki,Laila Melani,F,2003
3515529130973407,dki,Harimurti Pangestu,F,1998
3516006502484403,dki,Marsito Anggriawan,M,1992
3516594869567563,dki,"drg. Salwa Kusmawati, S.IP",F,2011
3516971157050652,dki,Cut Salwa Mandala,F,2007
3517510209029816,dki,Endah Novitasari,M,1985
3517522624788322,dki,Galuh Permata,M,2006
3517828003370511,dki,"Lurhur Winarno, S.H.",F,2006
3518707807771562,dki,Hasna Manullang,F,1977
3519627867674408,dki,"Dt. Damar Prayoga, M.Ak",F,2001
3520019550205566,dki,Radika Fujiati,M,1975
3520040370814007,dki,Farah Latupono,M,2010
3520704464952524,dki,Hilda Halim,M,1986
3520950520120701,dki,Kuncara Handayani,M,1979
3521324916954983,dki,Dr. Kawaya Hutagalung,M,1984
3521407549788058,dki,Karma Narpati,F,1994
3521412313713308,dki,Wirda Palastri,F,1987
3521453331746722,dki,Danuja Dongoran,F,1993
3521519180300355,dki,Kenari Mustofa,M,2002
3521643682976940,dki,Rahmi Saptono,F,2012
3521790276677051,dki,"H. Darmana Safitri, M.M.",M,1984
3521870832057616,dki,Vino Mayasari,M,2007
3522432572015145,dki,Iriana Pangestu,M,1998
3522515700043201,dki,Amelia Nasyidah,F,1986
3522657002696375,dki,Hj. Shania Puspasari,F,1991
3522780633744305,dki,Prima Siregar,M,1995
3523401971692951,dki,"Hasan Siregar, M.Kom.",F,1986
3523501988176433,dki,Eli Mangunsong,F,2001
3523565456909732,dki,Laras Maheswara,M,1999
3523592823651425,dki,Janet Mangunsong,M,1975
3524515394620452,dki,Titi Safitri,F,2005
3524537484100286,dki,Kenzie Dabukke,F,1981
3524682532578974,dki,Yessi Iswahyudi,M,1966
3525037988255016,dki,"Tgk. Ajiman Palastri, S.Kom",M,1991
3526351018142667,dki,Agus Siregar,M,1995
3527853482331808,dki,Puti Paris Marpaung,M,2003
3528266385259712,dki,"Jamalia Zulkarnain, S.Gz",F,1988
3528429476454085,dki,Tgk. Gawati Hardiansyah,M,1976
3528467207724574,dki,"Drs. Carub Tarihoran, M.Farm",F,1977
3528575651750075,dki,Najwa Situmorang,M,1996
3528988342978833,dki,Narji Waskita,M,1985
3529040558177467,dki,Dr. Karen Halim,F,1987
3529812024069001,dki,Citra Lestari,F,2010
3529836046214477,dki,"Sutan Harimurti Rahayu, S.Gz",F,2005
3530393834004501,dki,Melinda Iswahyudi,M,1984
3531178674835422,dki,"R. Sadina Sinaga, S.Psi",F,1992
3531560183774236,dki,Kiandra Nashiruddin,M,1993
3531742475032842,dki,Capa Wijaya,M,1984
3532626368844679,dki,Nyana Prayoga,M,1994
3533275484229917,dki,Patricia Mulyani,F,1999
3533408904312159,dki,"R. Clara Yolanda, S.Pd",M,1966
3533554681284713,dki,"Tina Ramadan, M.Ak",F,1981
3533946420547527,dki,Bagus Samosir,M,1988
3533955956389840,dki,Damu Siregar,F,1994
3534140838249087,dki,Saka Pradipta,M,2009
3534387229540216,dki,Hamzah Permadi,F,2008
3534872160014081,dki,"dr. Bakti Waskita, S.Sos",M,1992
3535503118200501,dki,Drs. Cengkal Lailasari,M,2012
3535601073732219,dki,R. Unggul Halimah,F,1986
3535679723903364,dki,"Dr. Gamanto Winarsih, S.Ked",F,1991
3535956287015847,dki,Karsana Oktaviani,M,1994
3536007702267420,dki,Kania Adriansyah,F,2011
3536054810131767,dki,Harsana Ramadan,F,1985
3536102311063490,dki,Ir. Bala Prakasa,M,1985
3536260321802008,dki,Yuliana Haryanto,M,1989
3536572066357562,dki,Vivi Salahudin,F,1990
3536612674069934,dki,Empluk Nuraini,F,1981
3536755789592496,dki,dr. Kurnia Lailasari,F,2008
3536759468239783,dki,Shakila Maryadi,F,1988
3537344445143314,dki,Unjani Mulyani,F,1987
3537543297101185,dki,Samsul Ramadan,M,1966
3537573241596842,dki,Diana Purwanti,F,1985
3537626290568235,dki,Cinta Megantara,M,2007
3538188301958649,dki,drg. Gasti Setiawan,F,1981
3538696105114797,dki,"drg. Ade Aryani, S.Pd",M,1977
3538799233101916,dki,Lantar Maheswara,F,1983
3538895574758627,dki,Asmuni Damanik,F,1987
3539535695881465,dki,"Dr. Zulfa Tamba, S.E.I",M,1986
3539941673936471,dki,"Calista Saputra, S.Ked",M,1985
3540286623681182,dki,"Karimah Pangestu, S.Kom",M,1968
3540357155140234,dki,R. Cornelia Saputra,M,1985
3540498853163878,dki,Kalim Latupono,M,1971
3540608831782736,dki,Jasmani Tamba,M,2002
3540776389563673,dki,"Jati Haryanto, S.Sos",M,1985
3541360891398495,dki,Caket Widodo,M,1986
3541980313378864,dki,T. Paiman Wastuti,F,2000
3542062438073909,dki,"Luluh Purwanti, S.E.I",F,1987
3542465875351169,dki,Carla Waskita,F,1986
3542709697749732,dki,Danuja Saputra,M,1986
3543024804143004,dki,R. Oni Lailasari,M,1996
3543155487538258,dki,Novi Nuraini,M,1973
3543780874912921,dki,Sakti Waskita,M,1975
3544454385390261,dki,Jarwa Novitasari,M,1996
3544787327556469,dki,"drg. Ayu Haryanti, M.Pd",M,1990
3544885200157403,dki,Estiono Budiman,F,2007
3544914025938688,dki,Cakrabuana Yolanda,M,1979
3544931989278653,dki,"Artawan Iswahyudi, M.Pd",M,1991
3545483364022719,dki,Ratih Anggraini,F,1994
3545499820365948,dki,Cawuk Mayasari,F,2002
3546736957468063,dki,Gambira Handayani,F,1972
3546745892021028,dki,Dinda Pratiwi,M,2006
3546981403871656,dki,"Drs. Vicky Ardianto, S.Pd",F,1982
3547463230183083,dki,"Drs. Icha Laksita, S.E.",F,1992
3548059679186550,dki,Cinta Widodo,M,1965
3548361222831512,dki,R.M. Bakiadi Gunarto,M,1978
3548403375808853,dki,"Eli Palastri, S.Farm",M,1992
3548452441599863,dki,Gawati Wijaya,F,2003
3548624132054354,dki,"Drs. Aslijan Manullang, S.T.",F,2003
3548650711273610,dki,Balangga Permadi,F,2011
3548815673143131,dki,"Dr. Luthfi Sihombing, M.TI.",F,1998
3549158005951908,dki,"Mustofa Wijayanti, M.Farm",M,1981
3549182300492467,dki,Kajen Andriani,M,1984
3549191016294752,dki,"T. Gangsa Hutasoit, S.IP",M,1985
3549196554775237,dki,Harjaya Wacana,F,1998
3549492311838172,dki,T. Harimurti Mangunsong,M,1952
3549586894382068,dki,Galih Mangunsong,F,1979
3551174827324245,dki,Gangsa Widodo,M,1966
3551528187475295,dki,Martana Tampubolon,M,1995
3551981413181544,dki,Bakiono Situmorang,F,1983
3552701702810473,dki,Ir. Kartika Aryani,F,2009
3552994986533131,dki,Gilang Iswahyudi,M,1976
3553127778031324,dki,Violet Pratama,F,1987
3553179744446813,dki,"dr. Elvina Anggriawan, S.I.Kom",F,1968
3553882732550120,dki,Siti Rahimah,M,1994
3553913499987591,dki,"R. Gina Wulandari, S.Ked",M,2006
3554107048543687,dki,Mutia Halimah,M,1976
3554529563627118,dki,"KH. Dartono Yuniar, S.E.I",M,1991
3554617687183249,dki,"Saka Saputra, M.M.",M,2006
3555123859996566,dki,Banawa Wibisono,M,2007
3555797726624178,dki,Jelita Suwarno,M,1995
3555926116596197,dki,"Cut Jessica Uwais, S.Kom",M,1992
3556146215285027,dki,Cakrawala Yuniar,F,1998
3556195772842969,dki,Adhiarja Wahyudin,F,1975
3558600128587539,dki,Balamantri Mulyani,M,2009
3558933713672139,dki,Nadine Sudiati,F,1988
3559020047557332,dki,dr. Baktiadi Hidayanto,M,1993
3559068882188796,dki,"Darmaji Prayoga, S.I.Kom",F,2011
3559367200080515,dki,Cawisono Permadi,F,1987
3559527684074603,dki,Arsipatra Anggriawan,F,1983
3559703923069965,dki,Darman Salahudin,M,1983
3560071015571703,dki,"Agnes Hidayanto, M.Farm",F,1995
3560222992102547,dki,Elvina Wasita,M,1951
3560398544907466,dki,"drg. Gawati Uyainah, S.T.",M,1994
3560553042793780,dki,"Danu Pradipta, S.Pd",M,1977
3560571608142499,dki,"Lasmanto Suwarno, S.Psi",M,1997
3560800953678538,dki,Patricia Nababan,M,2000
3561570507349808,dki,"KH. Oskar Megantara, S.I.Kom",F,2001
3561698313205524,dki,"dr. Adhiarja Marbun, S.Kom",M,1977
3562084958981605,dki,Cakrawangsa Permadi,F,2010
3562165113182591,dki,"drg. Ikin Sitorus, S.Farm",M,1989
3562827751538133,dki,Padma Pudjiastuti,M,1992
3562846499195097,dki,Lega Marbun,M,1992
3562938327884362,dki,"Teguh Thamrin, S.I.Kom",M,1980
3563151380900971,dki,Indah Habibi,M,1979
3563362178943707,dki,drg. Michelle Puspita,F,1968
3563424865580547,dki,"R. Jasmin Laksmiwati, S.I.Kom",M,1983
3563893917447576,dki,"Hj. Raisa Pranowo, M.Ak",F,1990
3563958892124142,dki,Hj. Humaira Saputra,F,2007
3564356712043346,dki,"Mila Ardianto, S.Pt",M,1971
3565172697755427,dki,Restu Anggraini,F,1991
3565305562822738,dki,"Balidin Wastuti, S.Psi",M,2004
3565528607360162,dki,"Endra Lestari, S.Psi",F,2004
3565938568828570,dki,Oliva Saefullah,F,1987
3566083387398361,dki,"Julia Namaga, M.Ak",F,1991
3566398620690444,dki,Zelda Widodo,F,1986
3566956122502027,dki,Damar Hutagalung,F,2011
3567474399039094,dki,Pia Lailasari,F,1995
3567627939359872,dki,"Dt. Ozy Sitompul, S.Ked",F,1981
3567825925804758,dki,Winda Habibi,M,2011
3567863915368369,dki,"Ciaobella Prasetyo, S.Gz",F,1988
3568170248461682,dki,Lanang Hardiansyah,M,1998
3569356789042960,dki,Daliono Kurniawan,F,1986
3569562588766630,dki,"dr. Sakura Budiman, S.IP",M,1972
3569565201587911,dki,dr. Paris Rahayu,M,1968
3569644495730154,dki,"Kasim Prasetya, S.Ked",F,2001
3569762797187392,dki,Edi Yulianti,M,2001
3570145781190035,dki,"Gamanto Siregar, S.Pd",M,1982
3570416613897992,dki,"Gawati Damanik, S.E.",F,2010
3570422408611549,dki,"Jati Nainggolan, M.TI.",F,1987
3570576233000275,dki,"drg. Dewi Utama, S.I.Kom",M,1981
3570915405874358,dki,H. Langgeng Nuraini,M,1966
3571912617977029,dki,Sidiq Suryatmi,F,1988
3572319298075777,dki,Lili Firmansyah,F,1984
3572603058080220,dki,Dr. Sari Hutagalung,M,1983
3573079519217686,dki,Cawuk Hutasoit,M,2002
3573408657682585,dki,Lalita Saragih,M,1974
3573742802282614,dki,"Hj. Hesti Wijaya, S.IP",F,1994
3574760392403324,dki,Oliva Prasasta,M,1995
3575726862796769,dki,Carla Tampubolon,M,1962
3575787320226609,dki,"KH. Argono Nashiruddin, S.Gz",M,1988
3575842886901929,dki,Syahrini Rahimah,M,1982
3575910364072826,dki,Natalia Rahayu,M,2009
3576239635494729,dki,Harsaya Natsir,F,1970
3576449712519922,dki,Rafid Winarno,F,1988
3576933261371405,dki,dr. Zulaikha Budiman,F,1985
3577254949793269,dki,Dr. Hesti Mandasari,M,2009
3577841063274066,dki,Jane Nashiruddin,M,2007
3578176001624687,dki,Daniswara Haryanto,M,1988
3578285852914400,dki,"dr. Queen Wijaya, S.Ked",M,1995
3578456570165787,dki,Septi Najmudin,F,2002
3578546492845597,dki,"Elvina Hidayat, S.IP",M,2010
3579692870866695,dki,"Endra Nababan, M.Farm",F,2011
3580401035990896,dki,"T. Dadap Pradana, M.Ak",M,2004
3580438908059433,dki,Harjasa Pradipta,F,2001
3581468120171962,dki,Sutan Gandewa Napitupulu,F,2008
3581752444414350,dki,Titin Yolanda,M,1989
3582791887979981,dki,Tgk. Keisha Hutasoit,M,1973
3582809689935223,dki,Gabriella Maulana,M,2011
3583083290821821,dki,Estiono Rajasa,F,2003
3583284755921516,dki,"Tgk. Rika Riyanti, S.Sos",F,1993
3583719174260210,dki,Uchita Kuswoyo,F,1996
3583963796594222,dki,Daryani Waluyo,F,2012
3584962536745457,dki,Putri Kuswoyo,M,1981
3585368335087506,dki,Puti Kasiyah Adriansyah,F,1968
3585765705663958,dki,Ibun Kusumo,F,1967
3586400849118805,dki,"Dr. Timbul Mangunsong, S.E.",M,1983
3586579113176852,dki,Rudi Maryadi,F,1970
3587337956647904,dki,Eka Hidayat,M,1988
3587341902618993,dki,Darmanto Rajasa,F,1991
3587354599889728,dki,Embuh Saragih,F,2000
3587383448789714,dki,Teddy Nasyiah,F,2007
3587585995659591,dki,"Ir. Maimunah Sudiati, S.Pt",F,1982
3588104432841769,dki,Maryadi Sudiati,F,1995
3588647692912019,dki,R.M. Nyana Usamah,F,2001
3589096682082517,dki,"Tgk. Makara Utama, M.M.",F,1986
3589380857722689,dki,drg. Lukman Hidayanto,M,1995
3589596090520842,dki,"Aurora Agustina, S.T.",M,2001
3589887902314387,dki,Nalar Hasanah,F,2003
3590799800881051,dki,Sabar Pradipta,F,1970
3591405047323472,dki,Kunthara Mayasari,M,1985
3591523876458647,dki,Lembah Mandala,F,2011
3591625379300794,dki,"Yono Saputra, S.Psi",M,1978
3591646002078433,dki,Tina Hardiansyah,F,1965
3591995490629201,dki,Luis Mangunsong,M,1984
3592011302266742,dki,Jagapati Pradipta,F,2007
3592243227579699,dki,Ir. Murti Dabukke,F,2007
3592453519647910,dki,"Drs. Iriana Lazuardi, S.Pt",F,1981
3592455361016219,dki,Jane Setiawan,F,1987
3592479316508823,dki,Cayadi Mayasari,M,2009
3592979659361243,dki,Cici Megantara,F,2006
3593536489487546,dki,"Puti Mila Salahudin, M.Pd",M,1975
3593546121496854,dki,Ina Sihombing,M,2009
3594541352723257,dki,Ana Pradana,M,1973
3594837551443691,dki,"Asmuni Ardianto, S.E.",F,1986
3594955647820605,dki,drg. Hamima Dabukke,F,2004
3594978763014050,dki,Suci Namaga,M,2012
3595205443049515,dki,Rina Gunarto,M,2007
3595557073549879,dki,"Hasan Hassanah, S.E.I",F,2001
3595563351921350,dki,"dr. Unjani Haryanto, S.I.Kom",F,1982
3595587515299718,dki,"R. Prayogo Halim, S.Sos",F,2010
3595625700824872,dki,Rahmi Haryanto,F,2009
3596085027829766,dki,Ghani Wahyudin,F,2000
3596121484860455,dki,R. Fitria Maheswara,M,1975
3596612633477696,dki,drg. Prayogo Yuniar,M,1959
3597250558885848,dki,Gasti Haryanti,M,1980
3597961910262449,dki,dr. Jelita Hardiansyah,M,1970
3598871005576489,dki,"R.M. Rizki Utama, S.IP",F,2007
3599135027909212,dki,Bahuwirya Mansur,M,2010
3599499494778116,dki,"Drs. Amelia Tamba, M.M.",M,1976
4002752407278767,dki,Kamila Nugroho,F,1993
4004639087878214,dki,KH. Gada Lailasari,M,1989
4010122113950127,dki,"drg. Juli Suryatmi, S.H.",M,2008
4017399936916682,dki,Ulva Wastuti,M,2010
4017802962833960,dki,Aurora Hasanah,F,1990
4019905363673105,dki,"Adika Kusumo, S.H.",M,1982
4022281651234843,dki,Rudi Firgantoro,M,1979
4023261383627521,dki,Among Wahyudin,F,1984
4029454332563640,dki,Zelda Situmorang,F,1981
4031452920035662,dki,Enteng Hakim,M,1991
4034493214627498,dki,Elon Wibowo,M,1980
4039277633695458,dki,Hasan Sirait,M,1967
4039731076295002,dki,Wasis Safitri,F,1993
4048311863748346,dki,Ira Suartini,F,1982
4051635843184691,dki,Usyi Nasyiah,M,1972
4059988700534876,dki,Ida Wibowo,F,2006
4063236761080155,dki,Ozy Irawan,F,2012
4068989702474318,dki,Ajimat Pradana,F,1980
4070614142286496,dki,Aurora Andriani,F,2001
4071961106848962,dki,"Drs. Genta Irawan, M.Pd",M,1993
4084397395150486,dki,Asmuni Winarno,F,1993
4087795255830674,dki,Vera Saputra,M,1991
4098204418287473,dki,"Mahmud Nasyidah, S.Farm",F,1989
4100923161042365,dki,Jarwa Padmasari,M,2008
4106531301179023,dki,Jaya Narpati,M,2005
4107216437478023,dki,"Sutan Erik Napitupulu, S.Pt",M,1988
4108867874541241,dki,Julia Anggriawan,M,1985
4113704079015924,dki,Daru Hardiansyah,M,1960
4116056920356172,dki,Jais Marpaung,M,2007
4120255279087511,dki,"Prima Simanjuntak, S.I.Kom",M,1987
4124367889402737,dki,"dr. Mulyono Hidayat, S.H.",F,1994
4129181789427503,dki,Puti Febi Nababan,F,1994
4131228650532352,dki,Ganda Puspita,F,1983
4132189126928781,dki,Jaswadi Suartini,F,2012
4141881827609673,dki,Amelia Wibisono,F,1993
4145595849881195,dki,Emin Nashiruddin,M,1981
4148347241602606,dki,Luhung Aryani,M,2005
4160871836365389,dki,Almira Lestari,F,1981
4164398783623350,dki,"R.A. Salwa Yuliarti, M.TI.",F,1969
4165770694718959,dki,Himawan Putra,M,1957
4166272280740025,dki,"R. Lili Permata, S.E.",F,2012
4170500995160491,dki,Garan Firgantoro,F,2008
4172238784006231,dki,"Galak Prayoga, S.Pd",M,1993
4174057702390453,dki,Dr. Juli Megantara,M,1984
4178139365296478,dki,Shania Simanjuntak,M,2003
4179573090284608,dki,Enteng Firgantoro,M,1992
4179888484808006,dki,Irsad Irawan,F,1990
4181188603059045,dki,Eli Budiman,M,1977
4194044871819252,dki,"Sutan Mumpuni Saragih, M.M.",F,2001
4204405669287580,dki,"Saka Wijaya, S.H.",M,1995
4204445450568152,dki,Hj. Indah Setiawan,M,2002
4204699625962688,dki,"Hj. Cindy Rajasa, M.Ak",F,1993
4204865049770227,dki,Fitria Marbun,F,1989
4205185024799813,dki,R.M. Salman Pertiwi,M,1985
4211436908827150,dki,Hardi Mangunsong,M,1973
4219635643278197,dki,"drg. Bancar Wijayanti, S.Sos",F,1999
4224452028283146,dki,drg. Imam Adriansyah,F,1982
4225556492720471,dki,Karta Wahyuni,M,1978
4228391009711723,dki,Nurul Hartati,M,2008
4230327309726801,dki,Gandi Suartini,F,1988
4232532077815102,dki,"Banawi Siregar, S.Farm",M,2006
4232932278590191,dki,Ayu Hassanah,M,1984
4235440226938980,dki,Tgk. Tari Wibowo,F,1989
4237219123070834,dki,Luwar Sihombing,M,2008
4238644242805860,dki,"H. Yahya Handayani, S.I.Kom",F,1994
4239807479042585,dki,Kamaria Puspita,F,1982
4241777460261997,dki,Warsa Novitasari,M,1978
4245292824652416,dki,Hesti Safitri,F,2001
4245445434793232,dki,Mulyanto Firmansyah,M,1973
4247047725165183,dki,Danang Santoso,F,2006
4250503208533960,dki,"Puti Zahra Wijayanti, S.E.",F,2009
4254175641149864,dki,Wasis Napitupulu,M,1999
4254578036400869,dki,Tgk. Kayun Zulaika,F,2000
4255875058269084,dki,Ina Aryani,M,1984
4266760335382388,dki,Hari Maulana,F,2002
4268357779873820,dki,"Daniswara Gunawan, S.Pd",M,1978
4268640600849949,dki,"Elvina Situmorang, S.Psi",F,1985
4280604323776734,dki,"Bahuwirya Tampubolon, S.Kom",F,1995
4281107697609985,dki,Yessi Saputra,F,2002
4287168593134639,dki,Ami Iswahyudi,M,1983
4294484188649274,dki,Gara Sitompul,F,1999
4295166628049855,dki,Ophelia Pranowo,F,2008
4295466784594425,dki,Vivi Gunarto,M,1966
4302263817704050,dki,Dr. Tina Irawan,M,1981
4306383820128588,dki,"Sari Putra, M.Pd",F,1993
4306399682236699,dki,dr. Raharja Prastuti,M,1991
4309038731411054,dki,R. Viktor Winarno,F,1999
4310011077804361,dki,Baktiono Hartati,F,1954
4311304097214201,dki,Jarwa Pangestu,F,1966
4314001786147604,dki,"Dr. Baktianto Pradana, S.T.",F,1983
4314957027209455,dki,drg. Limar Agustina,F,1982
4315902376539812,dki,Putri Sitorus,F,1984
4317815230091374,dki,"Tina Dongoran, M.Pd",F,1980
4321295069509396,dki,Gilda Kuswandari,F,1987
4325586038960413,dki,Talia Winarno,M,1965
4327711116930264,dki,dr. Makara Prabowo,F,1992
4341447463633670,dki,Patricia Nashiruddin,F,1993
4345294247705168,dki,"Dasa Hastuti, S.Psi",M,1984
4348256733711510,dki,Zelda Safitri,M,1996
4366512846464588,dki,"Jayadi Zulaika, M.Ak",F,1992
4366771817472539,dki,Sadina Kurniawan,F,1991
4371163154338171,dki,Vanesa Pratama,F,1981
4375765946745400,dki,Ghaliyati Prayoga,F,1987
4376541203354296,dki,Hafshah Permata,F,1985
4377104655542451,dki,Ulva Nainggolan,F,2008
4378713285050450,dki,Dr. Luwes Mandala,F,1988
4380073493099534,dki,Karma Sihotang,M,1978
4380875529452127,dki,Tirtayasa Sitorus,F,1988
4381256169826731,dki,Cawisadi Hartati,M,1972
4383238262907426,dki,"Jayeng Rajasa, M.Ak",F,1971
4384653483539395,dki,"Cut Hana Maulana, S.H.",F,1979
4386024845816111,dki,Kambali Uyainah,F,1983
4387100690520898,dki,Lintang Agustina,F,1998
4389022563393310,dki,Titi Prasetya,F,2002
4389172423416718,dki,Asmadi Hidayanto,F,1985
4389389255631822,dki,Ophelia Palastri,M,1966
4394677357168120,dki,"Ibrahim Prayoga, S.H.",F,2001
4396640433281182,dki,Rahmi Iswahyudi,M,1996
4400739923249354,dki,Drs. Clara Suwarno,M,1990
4401832304257580,dki,Anom Yuliarti,M,1990
4407311853761924,dki,Yahya Kusmawati,M,1970
4407412992029205,dki,Dr. Lidya Nugroho,M,1967
4411710323049659,dki,"Dt. Bagiya Purnawati, S.Farm",M,1989
4412277273662567,dki,Ajiono Natsir,M,1993
4416447200752700,dki,Septi Kusumo,M,2010
4423922482419104,dki,Kusuma Nainggolan,F,2012
4430021291336251,dki,Damar Rajasa,M,2000
4433768133150830,dki,Hendra Simbolon,M,1984
4436873412170868,dki,"R.A. Puti Sihombing, S.Kom",F,1980
4437160351996555,dki,"Eva Siregar, S.Gz",F,2007
4440511208147260,dki,Cornelia Riyanti,M,1967
4441968018689585,dki,Yuliana Hidayat,M,1991
4445364788309420,dki,Hafshah Sitorus,M,1965
4446021936531169,dki,"Wisnu Pratiwi, M.Ak",M,1991
4449764366485821,dki,Cahyo Suryono,F,1991
4450080570279470,dki,"Ani Wasita, M.Pd",M,2004
4450403105752326,dki,"Dr. Intan Mulyani, S.E.I",M,1977
4454094248666451,dki,Unjani Nuraini,F,1979
4455586187126891,dki,drg. Putri Handayani,F,2004
4456609130359051,dki,R.M. Irwan Pratama,F,1981
4463457533357848,dki,"Elisa Natsir, S.Ked",F,1997
4469237778044804,dki,Rika Winarno,M,1988
4482532618774708,dki,"Jarwadi Prayoga, S.Farm",F,2001
4483881844493578,dki,Hasna Usamah,M,1979
4484508142147221,dki,Abyasa Haryanti,M,1948
4490538004709364,dki,Ajeng Pradipta,M,1975
4491168846978040,dki,Lukita Rajata,F,2011
4492109252403353,dki,Bakiman Mahendra,M,1983
4498767637558201,dki,"Zizi Santoso, M.Kom.",M,1970
4498998094495583,dki,R.A. Lalita Utami,F,2006
4501839580844956,dki,Cindy Salahudin,M,1978
4504835338188867,dki,Omar Nuraini,F,2006
4511533243601477,dki,Wawan Wacana,M,2009
4517023765413166,dki,Yuni Irawan,M,1998
4518705930955431,dki,Wirda Oktaviani,F,1993
4523723987090328,dki,Padma Siregar,F,2005
4525441838992083,dki,"Ivan Hartati, S.Farm",F,1985
4526942453399131,dki,Talia Hidayanto,M,2005
4528824477684144,dki,Vino Sinaga,M,2000
4532407180860336,dki,H. Lutfan Nurdiyanti,M,2011
4537604821505685,dki,"Endra Tampubolon, S.Pd",M,2000
4538778656278748,dki,"KH. Indra Haryanti, S.Gz",M,1969
4542110885190433,dki,"Ika Widiastuti, M.M.",M,1996
4542504506802329,dki,Daliono Sihombing,M,1997
4543133446525763,dki,Nova Puspasari,F,1965
4543770359797416,dki,Rahmi Hartati,M,1976
4544515842302442,dki,Rahmi Kusumo,M,1974
4544982061905141,dki,Aisyah Nasyidah,F,1991
4545194032759487,dki,Dartono Zulkarnain,F,1970
4551895931872012,dki,R. Balapati Usada,M,1982
4553303241142836,dki,Salsabila Maryadi,M,1988
4557229660693510,dki,"Saadat Wastuti, S.H.",M,2010
4558067111007925,dki,Faizah Lailasari,M,1989
4563392639388729,dki,"Danuja Pradipta, S.Sos",F,1997
4565819618289286,dki,Drs. Victoria Sihombing,M,1998
4566988485083087,dki,Ana Anggraini,M,1973
4570326177710945,dki,Karen Pertiwi,F,2006
4571332363310689,dki,Dr. Vanesa Hariyah,M,2011
4578758363171981,dki,"Shania Waluyo, S.Farm",F,1989
4580278479854954,dki,Luluh Astuti,M,1992
4581300237839678,dki,Kacung Pudjiastuti,F,2006
4582832677562989,dki,"Rahmi Siregar, S.E.I",M,1989
4582951929146910,dki,H. Jarwadi Suartini,M,2002
4583892581346290,dki,"Daniswara Pradipta, S.Pt",M,2002
4585349556668958,dki,Unggul Halimah,M,1985
4586454154379245,dki,Latika Yuliarti,F,1990
4590339247562523,dki,Drs. Bakiman Rahmawati,M,1970
4592780721139296,dki,Wakiman Sihombing,M,1976
4607578492019777,dki,Mutia Latupono,M,2002
4607954544005942,dki,Hj. Rini Pangestu,M,1999
4611826651808983,dki,"Cut Calista Maryati, M.TI.",F,1982
4612175181278450,dki,Mahmud Haryanti,M,1965
4613789240364280,dki,Zelaya Susanti,F,1980
4613911137735824,dki,"Viman Mayasari, M.Pd",M,1992
4614257598078141,dki,Zaenab Saragih,F,2004
4619696552530271,dki,R.M. Kalim Novitasari,M,1988
4623486440149169,dki,"R. Mursinin Puspasari, S.Ked",M,1999
4628562596639925,dki,Tira Saptono,M,2010
4631523226967560,dki,H. Eka Gunarto,M,1973
4636055192881546,dki,Wulan Januar,M,1978
4637961799161092,dki,Salsabila Prasasta,M,1998
4642976742436642,dki,"dr. Prasetyo Pertiwi, S.T.",F,1982
4650487889977769,dki,Gina Jailani,M,1951
4652259970415845,dki,Clara Ardianto,M,1996
4654235106641320,dki,Banara Astuti,F,1984
4656484264640462,dki,Raisa Maryadi,F,1990
4657065205010987,dki,Julia Prasetyo,F,1995
4660075829742639,dki,Dr. Kemal Rahayu,F,1994
4661843359109266,dki,Galih Budiyanto,F,2005
4667963556135841,dki,Maryadi Simanjuntak,F,1992
4668070292518162,dki,Laksana Mahendra,F,2012
4668539141678666,dki,Queen Wahyudin,F,1981
4673419635061948,dki,Martaka Wijaya,M,1989
4677662015218176,dki,"Dt. Aslijan Wibisono, S.Pt",M,1982
4680239652114110,dki,Ir. Cengkir Maryati,F,1983
4684647405560965,dki,Indra Laksmiwati,M,1987
4684821109015770,dki,Paramita Budiyanto,F,1997
4692797186209751,dki,"Cut Ina Laksita, S.Pt",M,2004
4693229754928686,dki,Laila Pratama,F,1986
4699023220672919,dki,Padmi Tamba,F,2009
4704902042632297,dki,"R. Nadine Prasetya, M.M.",F,1994
4705243679928131,dki,"dr. Laswi Pranowo, S.Pd",F,2012
4706129919148789,dki,Dt. Galuh Suryono,F,1987
4708188051530194,dki,Fathonah Permadi,M,1992
4708293952214417,dki,Almira Wastuti,M,2003
4708295371136584,dki,Vega Putra,F,2000
4709388179342204,dki,R. Yulia Palastri,F,1955
4712578077830764,dki,Padma Nugroho,M,1995
4713105079051022,dki,Gangsar Palastri,F,1984
4719371541269014,dki,Nasab Megantara,F,1997
4719913296770918,dki,Umar Pradana,M,2003
4721230793157234,dki,Safina Lazuardi,M,2008
4721742558058605,dki,Drajat Halimah,M,1983
4723250872219869,dki,Cager Setiawan,M,1965
4724873649782668,dki,Laila Yulianti,F,1999
4726207758980912,dki,Suci Wacana,M,1974
4729781006341363,dki,Kamila Ramadan,F,1983
4735363010235782,dki,Viktor Saptono,M,1970
4736304277327671,dki,Ilsa Kurniawan,F,2008
4738454241042571,dki,Hairyanto Hardiansyah,F,1996
4739532514157439,dki,"Widya Hastuti, S.Kom",F,1996
4740523357550472,dki,"Cecep Nababan, S.Ked",F,1983
4746981794942799,dki,"Gara Kuswandari, S.I.Kom",M,1977
4752851022235137,dki,Malika Samosir,M,1970
4754286332085799,dki,Banara Salahudin,M,1946
4759974348569444,dki,Bambang Aryani,F,1994
4760883584117262,dki,"Drs. Kiandra Mangunsong, S.Farm",F,1993
4762996545785189,dki,Laras Zulaika,F,1990
4764453041191296,dki,"Bella Marpaung, S.Psi",M,1972
4766007569419196,dki,"Danu Suartini, S.Farm",M,2010
4767223872063121,dki,Edi Suryatmi,M,1995
4775824447575950,dki,Shania Kusumo,M,1947
4776067366589862,dki,"Sutan Kemal Agustina, S.H.",F,1995
4790144523070821,dki,Laswi Kusumo,M,2011
4799378402955576,dki,Olivia Prayoga,M,1988
4800273826652460,dki,Rahayu Winarsih,F,1988
4802014570181753,dki,Tgk. Ami Mustofa,M,1989
4805645458987501,dki,"Ir. Sakura Mayasari, M.M.",F,1986
4806753400680924,dki,"KH. Ajiono Farida, M.Farm",F,1983
4811093995390867,dki,Wani Mansur,F,2011
4816654317647006,dki,"Jaya Saptono, S.Psi",F,1986
4817620823758230,dki,"Dina Halimah, S.Psi",F,1993
4820012802801816,dki,Yono Winarsih,F,1981
4822998072462404,dki,Candrakanta Pratiwi,F,1986
4826599994372923,dki,drg. Nalar Prasasta,M,2000
4827442129358526,dki,"R.A. Oliva Yuliarti, M.Kom.",F,1992
4836315239761517,dki,"Empluk Ardianto, S.E.I",M,1998
4839065457731638,dki,Leo Wastuti,F,1991
4839213833679358,dki,"T. Omar Hassanah, S.IP",M,2004
4840744854508974,dki,"Puti Ellis Haryanti, S.E.",F,2004
4844866858023357,dki,Mila Prasetyo,M,1974
4846285352667528,dki,Ilyas Rahimah,F,1984
4847987759140889,dki,R.M. Jarwa Pradipta,M,2001
4851113638274418,dki,Dono Situmorang,F,2012
4857511536859376,dki,Laras Salahudin,F,2003
4861975056603973,dki,Kiandra Farida,F,1995
4866640196160616,dki,Puji Padmasari,F,1965
4868902332492297,dki,"drg. Salimah Pranowo, S.E.",M,1989
4879699657417431,dki,Elon Laksmiwati,F,2009
4883884234588862,dki,R.A. Endah Hardiansyah,M,1966
4885331907664776,dki,Gandi Widodo,F,1997
4885706111446864,dki,Drs. Lasmanto Wacana,F,1987
4888709601933075,dki,"Natalia Sinaga, S.Gz",F,2000
4890377962908080,dki,Lembah Nuraini,F,2009
4893901061192218,dki,"dr. Ellis Nugroho, S.E.I",F,1988
4894146910205774,dki,"Baktianto Suartini, S.I.Kom",M,2002
4899581514802532,dki,Gawati Tarihoran,F,1979
4905734029265594,dki,Ega Andriani,F,1990
4907137439448917,dki,Emong Prasetya,F,2005
4920568766034164,dki,Latif Putra,M,1976
4924888393613412,dki,Zelda Irawan,M,1983
4938666263945591,dki,Marsudi Hastuti,M,2008
4939292313812746,dki,Warta Siregar,F,1994
4947438345710982,dki,Rahayu Rahayu,F,2006
4947631601276165,dki,"Icha Gunarto, M.Pd",F,1997
4949430360722628,dki,Fathonah Saefullah,F,1996
4951106743101541,dki,Dr. Ulva Mandala,M,1973
4956563442422641,dki,Citra Wahyuni,F,2002
4959718468452404,dki,Dalima Iswahyudi,F,1998
4961293020468542,dki,"Wawan Sudiati, S.IP",F,2007
4963448495299008,dki,"R. Shakila Mansur, M.Farm",F,1994
4965754419769895,dki,Nasrullah Megantara,M,1982
4968046754220924,dki,Umay Nasyidah,M,2005
4968156435384914,dki,Martana Suartini,F,2007
4969389181181692,dki,Jabal Siregar,F,1982
4974804949914047,dki,Gangsar Siregar,M,1996
4988303565741275,dki,Yuliana Mayasari,M,1994
4991481114103745,dki,Prayogo Oktaviani,M,2000
4993263234061542,dki,Padma Laksmiwati,F,2008
4993628236551825,dki,Ian Pangestu,M,1983
4996225095064169,dki,Emong Wastuti,F,1992
5114535082212157,dki,"Kenari Setiawan, S.Sos",F,1992
5115620173064813,dki,Budi Palastri,F,1987
5125406223322395,dki,"drg. Usyi Halimah, S.E.",F,2004
5127142251737778,dki,Maimunah Melani,F,1988
5134532253940704,dki,Suci Wacana,M,1985
5152592939536679,dki,"Rahman Novitasari, S.Kom",F,1999
5155559057141068,dki,"Drs. Elma Tampubolon, S.Kom",M,1965
5164263631970030,dki,dr. Kamaria Najmudin,M,1981
5168477096207938,dki,Wani Permadi,F,1980
5172515308476777,dki,Cut Azalea Sihombing,F,1985
5209931277664722,dki,R.M. Taufan Maryadi,F,1975
5220242748386167,dki,Tasnim Sihombing,F,2007
5238509910340929,dki,"Dr. Novi Budiman, S.IP",F,1995
5250092671931114,dki,Kenzie Pranowo,F,1956
5253907658951545,dki,"Farah Hardiansyah, M.M.",F,2010
5257753207807101,dki,"Jasmin Dabukke, M.TI.",M,1979
5284657247304556,dki,H. Reksa Tampubolon,M,2007
5289819176553968,dki,Cengkir Widodo,F,1990
5305875661679544,dki,Intan Pangestu,F,2012
5306981792743198,dki,Sakti Puspita,F,1988
5321470256126935,dki,"Tania Halimah, S.Ked",F,2002
5336700906288492,dki,Ibrahim Farida,F,1975
5341741857403600,dki,"Drs. Oliva Mandala, S.H.",M,1985
5348700024599545,dki,Nilam Purnawati,F,1982
5430018591726410,dki,Karna Waskita,M,1981
5437689300738558,dki,Mala Mardhiyah,M,2000
5451437566035173,dki,Tgk. Upik Samosir,M,1995
5465310774429054,dki,Hj. Rahmi Hartati,F,2010
5470428062544344,dki,Kamila Sudiati,M,1988
5473439177945786,dki,Anom Anggriawan,F,2005
5485694816065091,dki,Alika Waskita,F,2009
5493754737294400,dki,Titi Narpati,F,1990
5497693436473848,dki,Yance Usada,M,1984
5498307685938018,dki,Zamira Nainggolan,F,2002
5511077339427535,dki,R.A. Rahayu Saptono,F,1995
5511678885454136,dki,Nadia Latupono,F,1994
5512989045494139,dki,Samsul Iswahyudi,F,2005
5530470482508325,dki,Jamalia Lestari,F,2003
5539337945664584,dki,"Vega Suryono, M.Ak",F,2008
5541851157087967,dki,"Oskar Widiastuti, S.Farm",F,1997
5542490449138301,dki,Sutan Narji Nasyidah,M,2001
5550195894033357,dki,Cakrabirawa Manullang,M,1981
5552327039791635,dki,"Hj. Vera Narpati, S.Kom",M,1989
5572484380784028,dki,"drg. Jaga Sitompul, S.E.I",F,1993
5578930710752840,dki,Hairyanto Pranowo,F,1985
5584719354047027,dki,"Yance Lazuardi, M.Pd",M,2003
5598479367629402,dki,Uli Prasetyo,M,1985
5598626771361457,dki,Karsana Budiman,F,1985
6011016864826912,dki,Novi Tamba,M,1965
6011018350339285,dki,dr. Indra Maryati,M,2007
6011024970416149,dki,"Nadia Saragih, S.I.Kom",F,2002
6011030576594056,dki,Jamalia Permadi,F,1981
6011047676641058,dki,Sutan Kariman Situmorang,F,2012
6011051787457511,dki,"Tgk. Ifa Damanik, M.Ak",F,1994
6011078180763856,dki,Vicky Prastuti,F,2000
6011095868107446,dki,Kayla Puspasari,M,2008
6011099919397345,dki,Malika Usamah,M,1981
6011114900479836,dki,dr. Bala Kusmawati,M,1977
6011141476414459,dki,Kariman Rajata,M,1971
6011155279877282,dki,Azalea Tarihoran,M,1980
6011158789391307,dki,"Shania Mustofa, S.Sos",M,1969
6011162006507240,dki,Lasmanto Budiman,M,1989
6011188267590104,dki,dr. Gamani Habibi,F,1986
6011192316926012,dki,"Emin Hutagalung, S.Gz",M,1975
6011206561670347,dki,Suci Hutagalung,F,1971
6011275975124621,dki,Drs. Puspa Nashiruddin,F,1982
6011285188350939,dki,Oliva Budiyanto,F,1982
6011286338828865,dki,Ajeng Halim,F,1990
6011309044185857,dki,"drg. Martaka Situmorang, S.Sos",M,1992
6011317469180253,dki,Ulya Suartini,F,1981
6011318555985316,dki,"Cakrawangsa Narpati, S.H.",F,1997
6011319634394124,dki,Ira Andriani,M,2004
6011327569819106,dki,"Dr. Cici Natsir, S.Gz",M,1982
6011344618245142,dki,Daniswara Narpati,M,2005
6011359873049658,dki,Drs. Vino Prabowo,F,2002
6011379876309750,dki,Hani Mandasari,F,1999
6011380924843055,dki,"Ir. Martaka Maheswara, M.TI.",M,1988
6011389435937108,dki,Hilda Permadi,M,1984
6011390140483032,dki,Ida Nashiruddin,F,1985
6011393441256446,dki,Bella Wulandari,F,2000
6011412805910941,dki,Sari Pradipta,M,1988
6011419697000202,dki,KH. Latif Rajata,F,1997
6011448644531027,dki,Widya Mulyani,F,1990
6011449627550133,dki,Cawisadi Hardiansyah,F,2005
6011491438537776,dki,Cut Dian Simanjuntak,M,1981
6011492243165720,dki,Kuncara Laksmiwati,M,2005
6011512120886757,dki,Tasnim Maryati,F,1966
6011512141688729,dki,Nyoman Winarsih,F,1999
6011526887160594,dki,Rina Saragih,M,1984
6011532103411290,dki,"Betania Hutasoit, S.Pt",M,1974
6011537154923796,dki,Talia Purnawati,F,1992
6011538949512787,dki,"Calista Hastuti, S.Kom",M,1995
6011543080425997,dki,"Harsana Anggraini, M.M.",F,1986
6011582897349081,dki,Ella Yuniar,F,2003
6011596915345442,dki,Atmaja Nababan,M,2008
6011618540818377,dki,"Cut Agnes Thamrin, S.Psi",F,1970
6011627303030500,dki,drg. Azalea Pranowo,F,2004
6011651850954961,dki,Cut Malika Wastuti,M,1967
6011656090843460,dki,Cayadi Maryati,F,1994
6011686133020107,dki,"Alika Hutasoit, S.Gz",M,1980
6011718497540493,dki,Langgeng Handayani,M,2006
6011718928121822,dki,Ade Halimah,F,1993
6011737385609178,dki,Darimin Mardhiyah,F,1981
6011748865588394,dki,"Aurora Pangestu, S.Farm",M,1975
6011760758453230,dki,Opan Wibowo,M,1974
6011776590403225,dki,"drg. Nova Agustina, S.Sos",F,2011
6011784924662888,dki,Gamani Pratama,M,1956
6011818608233762,dki,Johan Palastri,F,2004
6011818902381085,dki,"Ir. Vivi Palastri, M.TI.",F,1994
6011822091986589,dki,"Yosef Novitasari, M.M.",F,1984
6011828579559046,dki,Ir. Rafid Simbolon,M,1973
6011831480860198,dki,"Drs. Among Wijaya, S.Pt",F,1978
6011861224604040,dki,Marwata Kusumo,F,2001
6011890148789744,dki,Darsirah Widodo,F,1989
6011891604500799,dki,"Gandi Agustina, S.Ked",F,2001
6011915812790007,dki,Sutan Joko Budiman,M,1986
6011916784323298,dki,"Purwa Hutagalung, M.M.",M,2007
6011917728048173,dki,Shania Nuraini,F,1991
6011941254478067,dki,"Dt. Lasmanto Nuraini, S.I.Kom",M,1983
6011955512372292,dki,Safina Pertiwi,M,1985
6011961852805826,dki,"Hj. Putri Marpaung, S.Kom",M,1992
6011966485146142,dki,Bagya Prabowo,M,1994
6011971911544803,dki,"Drs. Cengkal Astuti, S.Gz",M,1988
6011980496984235,dki,Dr. Sadina Hassanah,F,1988
6501276844154523,dki,Latif Nainggolan,F,1999
6501453447414147,dki,"Nadine Winarsih, S.T.",M,1994
6502608039778006,dki,Wardaya Mandala,M,1969
6502902290603767,dki,Titi Siregar,M,1974
6502937248567987,dki,Gandi Kusmawati,M,1947
6505428590869475,dki,dr. Janet Budiyanto,M,1965
6505561612113090,dki,"Dt. Nyoman Latupono, S.Psi",F,1991
6507536585974874,dki,Calista Lazuardi,F,1989
6507638073318307,dki,Hani Nugroho,F,1988
6509546148313351,dki,Edi Susanti,M,1982
6509916602424061,dki,Purwadi Anggraini,M,1992
6510013988638519,dki,"Cagak Maheswara, S.Sos",F,1992
6510019920587300,dki,Anastasia Marpaung,F,1986
6510380828231726,dki,"KH. Yosef Prayoga, S.Farm",M,1985
6510567196644064,dki,Asman Zulaika,M,2008
6511374554985729,dki,Hj. Yulia Situmorang,F,1999
6512908091827214,dki,"Bakti Nurdiyanti, S.H.",F,2010
6515621790318925,dki,Iriana Riyanti,M,1996
6515664053356414,dki,Kezia Maryadi,M,1978
6519634770438502,dki,Zulaikha Suryatmi,M,1991
6520849770634960,dki,"Drs. Hilda Anggraini, S.Farm",M,1982
6521040134321754,dki,"Sutan Rosman Laksita, S.I.Kom",F,1994
6521117877849611,dki,Hamima Budiman,M,1980
6521363371251116,dki,Galuh Susanti,F,2006
6522223396521548,dki,Lukita Wulandari,M,2010
6522272102888311,dki,Ifa Widiastuti,F,2006
6523645346654293,dki,Nugraha Uyainah,M,1981
6523744164769869,dki,Fathonah Wacana,M,1983
6525432887576005,dki,Bagya Budiyanto,F,1991
6528986136645686,dki,"Kawaya Sudiati, S.Farm",F,2004
6529087112754011,dki,Yunita Purnawati,M,2006
6529240909455553,dki,Genta Natsir,F,1982
6530217723210577,dki,Azalea Sinaga,M,1979
6531733212216122,dki,Saadat Habibi,F,2003
6532316827167408,dki,"Hj. Ella Dabukke, S.E.I",M,1988
6534345904864320,dki,"drg. Danang Lailasari, M.M.",F,1973
6534999720888762,dki,"Wage Winarno, S.Kom",M,2007
6536010352045925,dki,"Dt. Tri Wacana, S.I.Kom",F,1996
6537969337815729,dki,"drg. Amelia Narpati, S.I.Kom",F,1984
6539040209758344,dki,"Puti Febi Sitorus, M.TI.",M,1999
6539609181866141,dki,"R.A. Ani Mahendra, S.Gz",F,1996
6540503371279610,dki,Bakti Yuliarti,M,1998
6540672233441260,dki,"Emil Widiastuti, S.Gz",M,1998
6540723056644645,dki,Tgk. Wani Prasetyo,M,2011
6541451803309614,dki,Harsaya Rahayu,M,1998
6542284999119557,dki,Tirta Rajata,M,2000
6542837703080439,dki,Aurora Nasyiah,M,1991
6543370786192839,dki,Enteng Novitasari,M,1967
6543676226758108,dki,Kairav Rajasa,F,2002
6544577386584806,dki,"Tgk. Shakila Pangestu, S.H.",M,2001
6544828689784746,dki,Ina Sudiati,M,1981
6547155617203954,dki,drg. Artawan Sitorus,M,1952
6547377960862547,dki,Fitriani Rahmawati,F,2006
6549077052972315,dki,Olivia Irawan,M,1984
6550332736004951,dki,Upik Lailasari,F,1984
6551773153088424,dki,Ellis Prasetya,F,1952
6552821364099885,dki,"T. Ikhsan Maryati, S.Kom",F,1970
6556778552086817,dki,Kurnia Mulyani,F,1986
6558313572530681,dki,"Asman Mansur, M.Ak",M,2009
6558770227673366,dki,Tgk. Nurul Pranowo,F,1992
6559195405774555,dki,Puspa Wibowo,F,1982
6562850163811263,dki,Dina Prabowo,F,1981
6563524092020960,dki,Hendra Andriani,M,1992
6563676663681545,dki,Mala Agustina,M,1961
6564335022266287,dki,"Vicky Purnawati, S.Farm",M,1994
6565479857225684,dki,Gina Salahudin,M,1967
6565954125692691,dki,Balangga Wastuti,M,1994
6567245294939171,dki,Makuta Hasanah,M,2010
6569399043245469,dki,Maya Marpaung,M,2005
6569508543964383,dki,"Tgk. Hesti Situmorang, M.TI.",F,1996
6570035474604116,dki,Hasta Anggriawan,F,2000
6571636366239447,dki,Hamzah Zulaika,M,1986
6572023263706241,dki,"H. Limar Safitri, M.Pd",F,2008
6572535888310380,dki,Jais Thamrin,F,1995
6573313022751813,dki,Jaya Padmasari,M,1984
6575045651468974,dki,Michelle Aryani,F,1999
6575130739600630,dki,Danuja Usada,F,2002
6580235224672813,dki,Sadina Lailasari,F,1987
6581936160714795,dki,Puti Siregar,M,1976
6582441579700211,dki,Dartono Halim,F,1983
6582901155320791,dki,Zizi Widiastuti,F,1985
6584157215342758,dki,R. Sakura Usada,M,2003
6584835157983339,dki,Kartika Purnawati,F,1988
6585885975007109,dki,Hardana Gunarto,F,1982
6585902156860568,dki,Olivia Tarihoran,F,1988
6587137790829723,dki,Hasna Suwarno,F,1997
6587237994402242,dki,Tgk. Tira Wahyudin,F,1994
6587312430989803,dki,Amelia Ardianto,M,2002
6588742666722164,dki,Dono Nababan,F,1983
6589152382354731,dki,Ade Halimah,M,1982
6589314352421169,dki,"H. Rangga Santoso, S.Farm",M,1973
6590854673757012,dki,Bajragin Najmudin,M,1986
6592199688926618,dki,"Cut Ifa Kusumo, S.Pt",F,1979
6592322056148025,dki,H. Jagaraga Prastuti,F,1967
6593023949141297,dki,"T. Upik Permata, M.Farm",M,1957
6593608929409647,dki,Jamalia Prasetyo,M,1999
6594038151360079,dki,Darijan Wijaya,M,1998
6594531889548841,dki,T. Raden Kuswandari,M,1948
6594965325573999,dki,Cakrabirawa Rajasa,F,1986
6595765906487927,dki,Oliva Maheswara,M,1989
4006087081466727574,brizzi,Sutan Embuh Salahudin,M,1975
4012502273006373077,brizzi,Pia Saptono,F,1996
4015639837568333411,brizzi,Karimah Salahudin,F,1992
4034866535408001637,brizzi,Ir. Tasdik Winarno,M,2010
4040507993050813597,brizzi,Imam Pradana,F,1981
4044627593290079491,brizzi,Kalim Putra,F,1989
4048469899809060431,brizzi,"Hesti Kusumo, S.T.",F,1977
4060058529274906600,brizzi,"Tgk. Gina Sitorus, S.Gz",M,2008
4060341720248400161,brizzi,"Winda Winarno, S.Pd",M,1946
4070629595971154744,brizzi,Ami Thamrin,M,1986
4074114259011835374,brizzi,Vero Hutagalung,F,1983
4079046398489481238,brizzi,Wardi Mangunsong,M,1975
4079569924685765897,brizzi,Ibrani Nainggolan,M,2000
4087484815419236202,brizzi,Kezia Hutagalung,F,1993
4088835858128915967,brizzi,Ir. Putri Utama,M,1979
4093128349775311656,brizzi,Dasa Mansur,M,1986
4093470002667535650,brizzi,Kairav Dongoran,F,2004
4097703851248718064,brizzi,Maimunah Thamrin,F,1997
4104888875282062619,brizzi,Tgk. Uda Gunarto,F,1996
4107539733091006903,brizzi,Carla Maulana,F,1993
4118862581354625990,brizzi,Rachel Simbolon,F,1990
4120639796857963734,brizzi,Cornelia Suryono,M,1991
4124479653277670248,brizzi,Cut Septi Wulandari,M,2004
4126414491310853775,brizzi,Dariati Maryadi,F,1985
4128076101888382603,brizzi,"Perkasa Purnawati, S.Gz",F,1971
4129127991194644648,brizzi,Hj. Nadine Susanti,M,1981
4131163223101883379,brizzi,Indah Uyainah,F,1987
4140911047830363924,brizzi,Yance Aryani,M,1978
4157264487056687746,brizzi,Baktiono Prakasa,F,1981
4164228439880077074,brizzi,"Raisa Dabukke, M.Pd",M,1979
4165241323088464328,brizzi,Vinsen Firgantoro,F,2006
4168000420804262864,brizzi,"T. Tirtayasa Narpati, S.Psi",F,1994
4176175431274338490,brizzi,Darsirah Sudiati,M,2008
4181171597083749657,brizzi,"R. Puspa Rahimah, S.Sos",F,1995
4189640459822695962,brizzi,Mutia Mayasari,M,1978
4192676882444533975,brizzi,"R. Legawa Yuliarti, S.Psi",F,1996
4199450082632933049,brizzi,"Nadine Andriani, S.IP",M,1974
4203562511038947968,brizzi,drg. Tantri Situmorang,F,1983
4214467493248935559,brizzi,Dt. Gambira Maryati,M,1981
4215870826343733338,brizzi,R.M. Irwan Mansur,M,1974
4219617295377842342,brizzi,"Ir. Hesti Fujiati, S.T.",F,1997
4225751347437323699,brizzi,Hj. Dewi Firmansyah,M,1978
4234007630783462979,brizzi,"Tgk. Ega Padmasari, S.Sos",F,2008
4234105690626291796,brizzi,Vanesa Budiyanto,M,1998
4236399289828180970,brizzi,Eman Hutasoit,M,1956
4259205586349126267,brizzi,"Winda Saptono, S.Ked",M,1983
4279203692817167963,brizzi,Oskar Mangunsong,F,1995
4294956173069779977,brizzi,Tina Saptono,F,1995
4298112060738897946,brizzi,Karen Zulaika,M,1970
4301046448643115806,brizzi,Rama Firmansyah,F,1992
4306567886746588452,brizzi,Timbul Suartini,F,1996
4312788889307079482,brizzi,Digdaya Thamrin,M,1990
4315872976588851570,brizzi,Rahmi Novitasari,F,1981
4322606149481291208,brizzi,Rosman Halim,M,1992
4326140619726764858,brizzi,Murti Kurniawan,M,2010
4327266845647948637,brizzi,Drs. Asirwanda Januar,F,1999
4348362451721640908,brizzi,Ian Nainggolan,M,1983
4360652449891343257,brizzi,"Luhung Rahmawati, M.Ak",F,1995
4364139557273318765,brizzi,Harsaya Utama,F,2001
4370478057291371892,brizzi,dr. Rahmi Rahimah,F,1980
4371940047525876160,brizzi,Zelda Laksita,M,2009
4384998305312935092,brizzi,Oni Uwais,M,2003
4387418573857438765,brizzi,"Ana Mayasari, M.Ak",M,2003
4391518877735556073,brizzi,Lintang Hutapea,F,2007
4393424535509774814,brizzi,"Ratih Nurdiyanti, M.Pd",M,2008
4402759890633886222,brizzi,"Bahuraksa Narpati, S.Gz",M,1983
4403480045787547104,brizzi,Harjasa Januar,M,1967
4404611226778810111,brizzi,Tgk. Banawi Wibisono,M,1981
4428582927102421723,brizzi,"dr. Belinda Handayani, S.E.",M,2002
4432944384446280081,brizzi,Dt. Gandi Wacana,M,1981
4437250881603997453,brizzi,Mala Salahudin,F,1983
4437456852532209163,brizzi,Puti Ulva Prayoga,F,1987
4448492359421463185,brizzi,"Rahmi Sihombing, S.Farm",M,1988
4451666937375088290,brizzi,drg. Luluh Pradipta,F,2004
4455385206351091343,brizzi,Hendra Lazuardi,F,1980
4460340818222811297,brizzi,Zulaikha Mardhiyah,M,1995
4466333942907443956,brizzi,"H. Ibun Hassanah, S.Pt",F,1998
4469345175264680494,brizzi,"Cut Mila Samosir, M.M.",F,1968
4475487986105118550,brizzi,"Tgk. Dipa Purnawati, S.E.I",F,2012
4476550221067536122,brizzi,Dalima Hariyah,M,1974
4484557309610616405,brizzi,Ellis Lailasari,M,2008
4489337334208780658,brizzi,Irma Nababan,M,2003
4494200539791949338,brizzi,Puti Latupono,M,1966
4499727547407537747,brizzi,"Ir. Shakila Hutapea, M.Farm",F,2000
4504447001811049176,brizzi,Jaswadi Tamba,M,1989
4507197514242809047,brizzi,Dr. Fathonah Uwais,M,1967
4507202110965479473,brizzi,Asirwanda Rajasa,F,2003
4520785148050411280,brizzi,Indah Hartati,M,1969
4525384867508914538,brizzi,Gamani Wibisono,M,1978
4538828078748925469,brizzi,Sutan Aditya Santoso,F,1996
4541730308975683346,brizzi,Ratih Handayani,M,1973
4545616130966800915,brizzi,"Karen Palastri, S.Pt",F,1992
4546378556173971808,brizzi,Najib Wijaya,F,1993
4547245090487583462,brizzi,Padmi Marpaung,F,1992
4556326832434362836,brizzi,Sari Nababan,F,2004
4558670606659888636,brizzi,Tantri Siregar,M,1996
4561136132951674782,brizzi,Maya Manullang,F,1986
4561932486313369523,brizzi,Talia Utama,M,1973
4568520647339602139,brizzi,Kayla Habibi,F,1988
4569004720406572858,brizzi,Uli Situmorang,M,1981
4576861140710803534,brizzi,"R. Saiful Riyanti, S.E.I",F,1990
4583562097218227517,brizzi,"Daliono Maheswara, S.Pd",F,2012
4584810238111051368,brizzi,Maya Laksita,M,1969
4593958293473738295,brizzi,Anastasia Kurniawan,F,1991
4595421859584346329,brizzi,Lintang Saptono,M,1985
4607699817793325136,brizzi,Anita Rahmawati,M,1988
4613366061817460310,brizzi,"Lurhur Prasetya, S.E.I",M,1991
4615192917191717119,brizzi,"R.M. Dasa Jailani, S.H.",F,1979
4633603819468342074,brizzi,Rahmat Gunarto,F,2002
4639185167794628565,brizzi,Shania Mayasari,F,1997
4664503638851963221,brizzi,Darman Puspasari,F,1996
4670481182889512380,brizzi,Kayla Suartini,M,1997
4676547013558532566,brizzi,"Sutan Prabowo Usamah, S.I.Kom",F,1981
4683751365132966547,brizzi,Patricia Hidayat,F,2009
4685818286724028395,brizzi,Kamila Mahendra,F,2004
4703206760710648078,brizzi,Lanang Prastuti,M,1985
4719750605283584414,brizzi,Yono Hutapea,M,2006
4725638979751926133,brizzi,"Murti Simanjuntak, M.Farm",M,1988
4729302648273942756,brizzi,Unjani Usamah,F,2003
4730280883020443501,brizzi,Zamira Puspita,M,1977
4731296980586052393,brizzi,Puti Umi Nugroho,F,2005
4744480387450088900,brizzi,Galur Riyanti,F,1980
4748171899112075310,brizzi,Tgk. Alika Mangunsong,M,2004
4749161925932703003,brizzi,"Rina Simanjuntak, S.Ked",F,1986
4751135111079943129,brizzi,Rahayu Sirait,M,1981
4755059063340087074,brizzi,"Puti Lili Nuraini, M.TI.",M,1984
4761960416255049230,brizzi,Ir. Daru Gunawan,F,1987
4762645289651587751,brizzi,Ghani Waluyo,M,1983
4776929353159041153,brizzi,"Nasim Natsir, M.M.",M,1987
4782118667729879357,brizzi,Drs. Uchita Anggraini,F,2008
4792312628110344784,brizzi,drg. Okta Sitorus,F,2007
4798412351689028870,brizzi,Warsa Gunawan,F,1986
4799775332826768700,brizzi,Lasmanto Marpaung,M,1982
4814740608115622982,brizzi,dr. Embuh Wijaya,M,2001
4817213825212301713,brizzi,"Puti Kamaria Prayoga, M.Pd",M,2008
4818110872205184864,brizzi,Shania Ardianto,M,1969
4826805717636477275,brizzi,Artanto Wacana,F,1977
4837447905158177016,brizzi,Halim Siregar,F,1987
4845152371767796654,brizzi,Endah Puspita,F,2004
4860703116052362925,brizzi,Sidiq Rahmawati,F,1983
4860968417507585403,brizzi,Intan Usada,M,1992
4862737844805243474,brizzi,Pia Kuswandari,M,1988
4863011275705925560,brizzi,"Nyoman Waskita, S.Ked",M,1990
4866015896366005266,brizzi,Mahesa Tampubolon,M,1972
4868766606269426510,brizzi,Paulin Nugroho,M,1984
4873567085628236731,brizzi,R.A. Ghaliyati Susanti,M,1997
4874486601260594074,brizzi,Cemani Lazuardi,F,1990
4874773937841002647,brizzi,"dr. Farah Yuliarti, M.Pd",F,1985
4880377652769980677,brizzi,Drs. Betania Wahyuni,M,2010
4907208153127941689,brizzi,Cemeti Padmasari,F,1993
4909284437358495207,brizzi,Bakiman Budiman,F,1981
4916430456848946627,brizzi,"Ir. Chelsea Usada, M.M.",M,1981
4941966320527194737,brizzi,Widya Nuraini,F,1994
4946058391117592554,brizzi,Gara Yuniar,M,1988
4957958811110735429,brizzi,Diana Putra,F,1985
4958145744734359718,brizzi,dr. Balangga Zulkarnain,F,1989
4963710913075879668,brizzi,Ophelia Firmansyah,M,2000
4965463575651342140,brizzi,Mutia Marbun,F,2006
4980154953674018562,brizzi,Ir. Dinda Mandala,F,1993
4980316891349967240,brizzi,"dr. Nadine Lestari, M.M.",M,1994
4980564692107508708,brizzi,"Drs. Yessi Wulandari, M.Farm",M,2008
4986663118222525457,brizzi,Yahya Narpati,F,2010
4995586292967989635,brizzi,"Tgk. Gandi Nashiruddin, S.IP",M,1993
4997693930906134609,brizzi,"Cahyo Hutagalung, S.Pt",M,1989
